english_word,in_abstract_nouns_txt,en_tn_tags_total,en_tn_tags_ot,en_tn_tags_nt,ult_occurrences,tag_rate,top_source_lemmas,top_books,en_tn_tags_in_bot_books,bot_notes_reworded,bot_notes_dropped,editor_added_bot_missed,status,team_decision
evil,yes,133,117,16,624,0.21,רַע H7451c ×61; רַע H7451b ×24; רַע H7451a ×23,PRO:28 PSA:25 1KI:14 JER:12,20,0,2,0,borderline: team decides,
destruction,yes,56,40,16,117,0.48,שֹׁד H7701 ×13; ἀπώλεια G06840 ×8; שֶׁבֶר H7667 ×5,ISA:11 PSA:8 JER:4 HOS:3,9,0,0,0,borderline: team decides,
abomination,yes,30,27,3,138,0.22,תּוֹעֵבַה H8441 ×25; βδέλυγμα G09460 ×3; שִׁקּוּץ H8251 ×2,PRO:9 DEU:7 JER:4 EZK:2,6,0,0,0,borderline: team decides,
trouble,no,29,24,5,105,0.28,עָמָל H5999 ×8; צָרָה H6869b ×7; רַע H7451c ×4,PSA:8 ISA:6 GAL:2 JER:2,2,0,0,0,borderline: team decides (same Hebrew as disaster),
calamity,no,16,16,0,46,0.35,אֵיד H0343 ×9; רַע H7451c ×5; מִדְחֶה H4072 ×1,PRO:8 JER:4 PSA:2 2SA:1,4,0,0,0,borderline: team decides,
harm,no,7,7,0,100,0.07,רַע H7451c ×5; רַע H7451b ×1; רָעַע H7489a ×1,PSA:3 1SA:1 ISA:1 JDG:1,1,0,0,0,borderline: team decides (same Hebrew as disaster),
disaster,no,6,6,0,51,0.12,רַע H7451c ×6,JER:5 EZK:1,6,0,1,0,borderline: team decides,
instruction,yes,24,22,2,42,0.57,מוּסָר H4148 ×20; תּוֹרָה H8451 ×2; νουθεσία G35590 ×1,PRO:17 JER:3 MAL:2 EPH:1,3,0,0,0,conflict: doc says not abstract,
testimony,yes,21,3,18,144,0.15,μαρτύριον G31420 ×9; μαρτυρία G31410 ×8; עֵדוּת H5715 ×3,MRK:6 REV:5 MAT:4 PSA:3,0,0,0,0,conflict: doc says not abstract,
commandment,yes,20,5,15,216,0.09,ἐντολή G17850 ×13; מִצְוָה H4687 ×5; ἔνταλμα G17780 ×2,ROM:6 MRK:4 PRO:4 MAT:2,0,0,0,0,conflict: doc says not abstract,
promise,yes,14,0,14,58,0.24,ἐπαγγελία G18600 ×14,HEB:7 ROM:5 2CO:1 GAL:1,0,0,0,0,conflict: doc says not abstract,
word,no,10,5,5,1478,0.01,λόγος G30560 ×5; דָּבָר H1697 ×1; אֵמֶר H0561 ×1,1CO:3 2KI:2 PSA:2 COL:1,0,0,0,0,conflict: doc says not abstract,
declaration,no,7,7,0,374,0.02,נְאֻם H5002 ×7,ISA:2 ZEC:2 HAG:1 OBA:1,2,0,0,0,conflict: doc says not abstract,
statute,no,7,7,0,200,0.04,חֻקָּה H2708 ×4; חֹק H2706 ×3,NUM:3 PSA:3 EZK:1,1,0,0,0,conflict: doc says not abstract,
covenant,no,4,4,0,536,0.01,בְּרִית H1285 ×4,DAN:1 HOS:1 JER:1 NUM:1,2,1,1,0,conflict: doc says not abstract,
law,no,4,3,1,515,0.01,תּוֹרָה H8451 ×3; νόμος G35510 ×1,PSA:2 ROM:1 ZEC:1,1,0,0,0,conflict: doc says not abstract,
decree,yes,3,0,3,64,0.05,δογματίζω G13790 ×1; διάταγμα G12970 ×1; δικαίωμα G13450 ×1,COL:1 HEB:1 ROM:1,0,0,0,0,conflict: doc says not abstract,
regulation,yes,2,1,1,11,0.18,מִשְׁפָּט H4941 ×1; δικαίωμα G13450 ×1,DEU:1 HEB:1,0,0,0,0,conflict: doc says not abstract,
ordinance,no,1,1,0,48,0.02,מִשְׁפָּט H4941 ×1,JER:1,1,0,0,0,conflict: doc says not abstract,
rule,yes,1,0,1,74,0.01,ἀρχή G07460 ×1,1CO:1,0,0,0,0,conflict: doc says not abstract,
kingdom,no,25,10,15,407,0.06,βασιλεία G09320 ×15; מַלְכוּ H4437 ×4; מַלְכוּת H4438 ×4,ACT:7 REV:7 DAN:5 PSA:3,5,0,0,0,hold: team decides (realm (concrete) or reign (abstract) by context),
separation,no,11,11,0,16,0.69,נֶזֶר H5145 ×11,NUM:11,0,0,0,0,hold: team decides (NUM Nazirite technical term),
plan,no,7,7,0,63,0.11,מַחֲשָׁבָה H4284 ×6; זָמַם H2161 ×1,JER:3 LAM:2 PRO:1 PSA:1,3,0,0,0,hold: team decides (often a concrete scheme; context-dependent),
appetite,no,6,6,0,14,0.43,נֶפֶשׁ H5315 ×6,PRO:5 PSA:1,0,0,0,0,hold: team decides (renders נֶפֶשׁ; figurative rather than plain abstract),
keeping,no,6,6,0,113,0.05,מִשְׁמֶרֶת H4931 ×6,NUM:6,0,0,0,0,hold: team decides (NUM guard-duty technical term),
petition,no,6,5,1,12,0.50,שְׁאֵלָה H7596 ×5; δέησις G11620 ×1,EST:5 PHP:1,0,0,0,0,hold: team decides (spoken communication (see doc exclusions)),
request,no,6,5,1,37,0.16,בַּקָּשָׁה H1246 ×5; αἴτημα G01550 ×1,EST:5 PHP:1,0,0,0,0,hold: team decides (spoken communication (see doc exclusions)),
vision,no,6,6,0,94,0.06,חֵזֵו H2376 ×2; חָזוֹן H2377 ×2; רֹאֶה H7203b ×1,DAN:2 ISA:2 HOS:1 MIC:1,3,0,0,0,hold: team decides (often the thing seen; context-dependent),
cry,no,5,5,0,125,0.04,שַׁוְעָה H7775 ×2; זַעַק H2201 ×1; צַעֲקָה H6818 ×1,PSA:3 JER:2,2,0,0,0,hold: team decides (often a spoken cry (communication)),
fortification,no,5,5,0,36,0.14,מִבְצָר H4013 ×5,JOS:3 1SA:1 ISA:1,0,0,0,0,hold: team decides (usually a concrete place),
supplication,no,5,4,1,30,0.17,תַּחֲנוּן H8469 ×4; δέησις G11620 ×1,PSA:2 2CO:1 JOB:1 ZEC:1,1,0,0,0,hold: team decides (spoken communication (see doc exclusions)),
anointing,yes,0,0,0,28,0.00,,,0,0,0,0,review: listed but never tagged,
belief,yes,0,0,0,1,0.00,,,0,0,0,0,review: listed but never tagged,
brotherly affection,yes,0,0,0,,,,,0,0,0,0,review: listed but never tagged,
carousing,yes,0,0,0,1,0.00,,,0,0,0,0,review: listed but never tagged,
cleansing,yes,0,0,0,14,0.00,,,0,0,0,0,review: listed but never tagged,
conceit,yes,0,0,0,1,0.00,,,0,0,0,0,review: listed but never tagged,
conduct,yes,0,0,0,10,0.00,,,0,0,0,0,review: listed but never tagged,
cursing,yes,0,0,0,15,0.00,,,0,0,0,0,review: listed but never tagged,
enmity,yes,0,0,0,1,0.00,,,0,0,0,0,review: listed but never tagged,
excellence,yes,0,0,0,1,0.00,,,0,0,0,0,review: listed but never tagged,
fight,yes,0,0,0,99,0.00,,,0,0,0,0,review: listed but never tagged,
friendship,yes,0,0,0,2,0.00,,,0,0,0,0,review: listed but never tagged,
goodwill,yes,0,0,0,1,0.00,,,0,0,0,0,review: listed but never tagged,
irrationality,yes,0,0,0,1,0.00,,,0,0,0,0,review: listed but never tagged,
licentiousness,yes,0,0,0,4,0.00,,,0,0,0,0,review: listed but never tagged,
lordship,yes,0,0,0,1,0.00,,,0,0,0,0,review: listed but never tagged,
lowliness,yes,0,0,0,1,0.00,,,0,0,0,0,review: listed but never tagged,
misery,yes,0,0,0,8,0.00,,,0,0,0,0,review: listed but never tagged,
necessity,yes,0,0,0,3,0.00,,,0,0,0,0,review: listed but never tagged,
permission,yes,0,0,0,2,0.00,,,0,0,0,0,review: listed but never tagged,
persistence,yes,0,0,0,1,0.00,,,0,0,0,0,review: listed but never tagged,
pretension,yes,0,0,0,1,0.00,,,0,0,0,0,review: listed but never tagged,
provision,yes,0,0,0,18,0.00,,,0,0,0,0,review: listed but never tagged,
seeing,yes,0,0,0,132,0.00,,,0,0,0,0,review: listed but never tagged,
stature,yes,0,0,0,8,0.00,,,0,0,0,0,review: listed but never tagged,
testing,yes,0,0,0,22,0.00,,,0,0,0,0,review: listed but never tagged,
unsettledness,yes,0,0,0,1,0.00,,,0,0,0,0,review: listed but never tagged,
worth,yes,0,0,0,8,0.00,,,0,0,0,0,review: listed but never tagged,
righteousness,yes,224,170,54,351,0.64,צְדָקָה H6666 ×90; צֶדֶק H6664 ×79; δικαιοσύνη G13430 ×53,PSA:73 ISA:44 ROM:18 PRO:17,16,0,2,1,in list,
glory,yes,175,78,97,352,0.50,δόξα G13910 ×97; כָּבוֹד H3519 ×71; תִּפְאָרָה H8597 ×3,PSA:28 2CO:16 ISA:16 ROM:13,13,0,0,0,in list,
peace,yes,163,117,46,415,0.39,שָׁלוֹם H7965 ×107; εἰρήνη G15150 ×42; שָׁלַם H7999b ×6,PSA:21 ISA:18 1SA:11 JER:10,19,0,2,0,in list,
salvation,yes,145,110,35,187,0.78,יְשׁוּעָה H3444 ×61; σωτηρία G49910 ×33; יֶשַׁע H3468 ×24,PSA:65 ISA:23 ACT:7 HEB:7,6,0,0,0,in list,
faith,yes,137,0,137,246,0.56,πίστις G41020 ×134; ὀλιγόπιστος G36400 ×2; ὀλιγοπιστία G36395 ×1,ROM:19 1TI:17 GAL:16 HEB:10,0,0,0,0,in list,
covenant faithfulness,yes,133,133,0,,,חֶסֶד H2617a ×131; אֱמוּנָה H0530 ×2,PSA:90 PRO:8 ISA:7 HOS:6,8,0,0,0,in list,
iniquity,yes,118,118,0,283,0.42,עָוֺן H5771 ×79; אָוֶן H0205 ×32; עֶוֶל H5766b ×4,PSA:26 ISA:23 JER:14 HOS:10,29,1,0,0,in list,
truth,yes,114,49,65,185,0.62,ἀλήθεια G02250 ×63; אֶמֶת H0571 ×43; ἀληθεύω G02260 ×2,PSA:21 JHN:11 2CO:7 ISA:7,8,0,1,0,in list,
judgment,yes,108,61,47,289,0.37,מִשְׁפָּט H4941 ×52; κρίσις G29200 ×21; κρίμα G29170 ×17,PSA:20 MAT:13 JHN:10 ISA:8,7,0,0,0,in list,
justice,yes,101,96,5,161,0.63,מִשְׁפָּט H4941 ×89; κρίσις G29200 ×4; מִשְׁפָּט H4941 ×2,PSA:23 ISA:22 PRO:11 JOB:9,20,1,1,0,in list,
knowledge,yes,98,67,31,154,0.64,דַּעַת H1847 ×59; γνῶσις G11080 ×20; ἐπίγνωσις G19220 ×10,PRO:33 ISA:10 1CO:9 JOB:7,6,0,0,0,in list,
wisdom,yes,96,75,21,216,0.44,חׇכְמָה H2451 ×68; σοφία G46780 ×21; חׇכְמָה H2452 ×3,PRO:36 ECC:9 JOB:7 1CO:5,7,0,0,0,in list,
grace,yes,86,4,82,141,0.61,χάρις G54850 ×82; חֵן H2580 ×2; חָנַן H2603a ×2,ROM:14 2CO:11 ACT:11 GAL:7,1,0,0,0,in list,
joy,yes,82,50,32,161,0.51,χαρά G54790 ×32; שִׂמְחָה H8057 ×23; שָׂשׂוֹן H8342 ×12,PSA:17 ISA:9 PRO:7 2CO:5,5,0,0,0,in list,
power,yes,82,27,55,182,0.45,δύναμις G14110 ×45; כֹּחַ H3581b ×13; κράτος G29040 ×6,PSA:12 1CO:9 REV:8 2CO:5,8,0,0,0,in list,
love,yes,78,23,55,355,0.22,ἀγάπη G00260 ×50; אַהֲבָה H0160 ×19; דּוֹד H1730 ×4,SNG:11 1CO:10 2CO:7 1TH:6,3,0,0,0,in list,
death,yes,77,25,52,356,0.22,θάνατος G22880 ×48; מָוֶת H4194 ×20; θανατόω G22890 ×4,ROM:13 PRO:9 HEB:8 MAT:8,2,0,0,0,in list,
strength,yes,74,70,4,237,0.31,עֹז H5797 ×41; כֹּחַ H3581b ×14; גְּבוּרָה H1369 ×5,PSA:38 ISA:10 PRO:4 JER:3,7,0,1,0,in list,
faithfulness,yes,71,69,2,282,0.25,אֱמוּנָה H0530 ×23; אֶמֶת H0571 ×22; חֶסֶד H2617a ×22,PSA:30 ISA:8 2CH:4 2KI:3,3,1,0,0,in list,
sin,yes,70,41,29,628,0.11,חַטָּאָה H2403b ×29; ἁμαρτία G02660 ×27; חֵטְא H2399 ×7,ROM:18 PSA:8 ISA:6 JER:6,9,0,0,0,in list,
holiness,yes,67,61,6,169,0.40,קֹדֶשׁ H6944 ×60; ἁγιωσύνη G00420 ×2; ἁγιότης G00410 ×2,PSA:19 ISA:15 EXO:12 JER:3,8,0,0,0,in list,
understanding,yes,64,59,5,149,0.43,תָּבוּן H8394 ×30; בִּינָה H0998 ×19; בִּין H0995 ×6,PRO:27 ISA:9 PSA:8 DAN:4,7,0,0,0,in list,
hope,yes,63,26,37,133,0.47,ἐλπίς G16800 ×34; תִּקְוָה H8615b ×14; תּוֹחֶלֶת H8431 ×5,ROM:7 JOB:6 PSA:6 HEB:5,3,0,0,0,in list,
wickedness,yes,56,51,5,98,0.57,רֶשַׁע H7562 ×15; רִשְׁעָה H7564 ×10; רַע H7451c ×7,PSA:12 JER:6 PRO:5 DEU:4,12,0,0,0,in list,
good,yes,52,41,11,809,0.06,טוֹב H2896b ×17; טוֹב H2896c ×16; ἀγαθός G00180 ×9,PSA:10 ROM:10 PRO:8 1SA:5,5,0,1,0,in list,
service,yes,52,40,12,155,0.34,עֲבֹדָה H5656 ×37; διακονία G12480 ×7; ἀγγαρεύω G00290 ×2,NUM:35 NEH:3 ROM:3 2TI:2,0,0,0,0,in list,
shame,yes,52,48,4,136,0.38,בּוּשׁ H0954 ×22; בֹּשֶׁת H1322 ×13; קָלוֹן H7036 ×4,PSA:15 ISA:13 PRO:7 JER:3,7,0,0,0,in list,
life,yes,51,14,37,644,0.08,ζωή G22220 ×29; חַי H2416e ×10; נֶפֶשׁ H5315 ×4,MAT:9 ROM:6 2CO:5 PSA:5,0,0,0,0,in list,
compassion,yes,50,39,11,100,0.50,רַחַם H7356b ×18; רָחַם H7355 ×17; σπλαγχνίζω G46970 ×9,PSA:10 ISA:9 HOS:5 MAT:5,7,1,0,0,in list,
transgression,yes,48,40,8,98,0.49,פֶּשַׁע H6588 ×38; παράβασις G38470 ×6; παράπτωμα G39000 ×2,PSA:11 PRO:10 ISA:6 MIC:5,9,0,0,0,in list,
desolation,yes,45,43,2,103,0.44,שְׁמָמָה H8077a ×17; שַׁמָּה H8047 ×14; חׇרְבָּה H2723 ×3,JER:14 ISA:8 EZK:6 JOL:3,24,0,0,0,in list,
honor,yes,45,16,29,127,0.35,τιμή G50920 ×24; כָּבוֹד H3519 ×10; הָדָר H1926 ×2,PRO:7 ROM:6 REV:5 1TI:4,2,0,0,0,in list,
mercy,yes,45,10,35,89,0.51,ἐλεέω G16530 ×18; ἔλεος G16560 ×15; רַחַם H7356b ×3,MAT:8 ROM:8 PSA:4 1TI:3,4,0,0,0,in list,
distress,yes,43,38,5,87,0.49,צָרָה H6869b ×16; צַר H6862b ×7; מְצוּקָה H4691 ×5,PSA:18 ISA:6 PRO:6 JER:2,4,1,0,0,in list,
splendor,yes,42,42,0,74,0.57,תִּפְאָרָה H8597 ×11; הוֹד H1935 ×10; הָדָר H1926 ×9,ISA:12 PSA:12 PRO:4 1CH:2,9,0,0,0,in list,
wrath,yes,41,27,14,110,0.37,ὀργή G37090 ×13; חֵמָה H2534 ×13; עֶבְרָה H5678 ×9,PSA:7 ROM:7 ISA:5 JER:5,5,1,1,0,in list,
falsehood,yes,39,37,2,86,0.45,שֶׁקֶר H8267 ×27; כָּזָב H3577 ×4; שָׁוְא H7723 ×4,PSA:14 ISA:5 JER:5 PRO:3,10,0,3,0,in list,
authority,yes,37,2,35,110,0.34,ἐξουσία G18490 ×30; κατεξουσιάζω G27150 ×2; ἐξουσιάζω G18500 ×1,MAT:9 MRK:7 1CO:5 ROM:4,0,0,0,0,in list,
counsel,yes,36,35,1,117,0.31,עֵצָה H6098 ×30; סוֹד H5475 ×2; מוֹעֵצָה H4156 ×2,PRO:11 ISA:10 PSA:6 JER:4,5,0,0,0,in list,
inheritance,yes,35,31,4,242,0.14,נַחֲלָה H5159 ×30; κληρονομία G28170 ×4; יְרֻשָּׁה H3425 ×1,PSA:11 NUM:10 PRO:3 ISA:2,3,0,0,0,in list,
reproach,yes,35,32,3,69,0.51,חֶרְפָּה H2781 ×32; ὀνειδισμός G36800 ×3,PSA:12 JER:5 ISA:4 NEH:3,7,0,1,0,in list,
praise,yes,34,28,6,193,0.18,תְּהִלָּה H8416 ×26; ἔπαινος G18680 ×2; זָמַר H2167 ×2,PSA:22 JER:3 REV:3 ISA:2,3,0,0,0,in list,
deceit,yes,33,24,9,60,0.55,מִרְמָה H4820 ×13; δόλος G13880 ×7; רְמִיָּה H7423a ×5,PSA:11 PRO:4 JER:3 1PE:2,4,0,0,0,in list,
terror,yes,33,32,1,80,0.41,פַּחַד H6343 ×5; מָגוֹר H4032 ×5; אֵימָה H0367 ×4,ISA:8 JER:6 EZK:5 PSA:4,11,0,0,0,in list,
affliction,yes,32,22,10,64,0.50,עֳנִי H6040 ×18; θλῖψις G23470 ×7; μάστιξ G31480 ×3,PSA:9 ISA:4 LAM:4 1TH:3,0,0,0,0,in list,
violence,yes,32,28,4,70,0.46,חָמָס H2555 ×23; βία G09700 ×2; חָמַס H2554 ×2,PSA:9 PRO:7 JER:4 ACT:2,7,0,1,0,in list,
favor,yes,31,30,1,123,0.25,רָצוֹן H7522 ×15; חֵן H2580 ×9; תְּחִנָּה H8467 ×2,PRO:11 PSA:9 NUM:2 2CO:1,2,0,0,0,in list,
abundance,yes,29,24,5,142,0.20,רֹב H7230 ×14; רַב H7227a ×3; περισσεία G40500 ×2,PSA:8 PRO:6 ISA:5 2CO:4,2,0,0,0,in list,
desire,yes,29,20,9,182,0.16,ἐπιθυμία G19390 ×7; תַּאֲוָה H8378 ×7; חֵפֶץ H2656 ×6,PSA:8 1KI:3 ISA:3 GAL:2,1,0,0,0,in list,
fear,yes,29,14,15,342,0.08,φόβος G54010 ×14; יִרְאָה H3374 ×7; פַּחַד H6343 ×4,ISA:5 PSA:5 2CO:4 MAT:3,0,0,0,0,in list,
atonement,yes,27,26,1,110,0.25,כָּפַר H3722a ×25; ἱλάσκομαι G24330 ×1; כִּפֻּר H3725 ×1,LEV:15 NUM:11 HEB:1,0,0,0,0,in list,
vengeance,yes,27,24,3,56,0.48,נָקָם H5359 ×11; נְקָמָה H5360 ×10; ἐκδίκησις G15570 ×3,JER:7 ISA:5 PSA:5 2TH:1,9,0,0,0,in list,
will,yes,27,4,23,10981,0.00,θέλημα G23070 ×20; רָצוֹן H7522 ×3; עָמַד H5975 ×1,MAT:6 HEB:4 ROM:3 1CO:2,2,0,0,0,in list,
majesty,yes,26,26,0,51,0.51,הָדָר H1926 ×9; גָּאוֹן H1347 ×6; גַּאֲוָה H1346 ×4,PSA:10 ISA:7 DEU:2 1CH:1,3,0,0,0,in list,
resurrection,yes,25,0,25,43,0.58,ἀνάστασις G03860 ×24; ἔγερσις G14540 ×1,ACT:8 MAT:5 1CO:4 1PE:2,0,0,0,0,in list,
blessing,yes,24,18,6,100,0.24,בְּרָכָה H1293 ×18; εὐλογία G21290 ×5; μακαρισμός G31080 ×1,PSA:7 DEU:3 GAL:2 HEB:2,1,0,0,0,in list,
captivity,yes,24,23,1,59,0.41,שְׁבִי H7628a ×16; שְׁבוּת H7622 ×3; גָּלוּת H1547 ×1,JER:5 NEH:4 PSA:4 ISA:3,8,2,1,0,in list,
confidence,yes,24,11,13,31,0.77,מִבְטָח H4009 ×7; παρρησία G39540 ×6; πεποίθησις G40060 ×4,2CO:6 HEB:5 PRO:3 PSA:3,2,0,0,0,in list,
folly,yes,24,24,0,34,0.71,אִוֶּלֶת H0200 ×20; נְבָלָה H5039 ×2; סִכְלוּת H5531a ×1,PRO:20 ECC:1 ISA:1 JOB:1,0,0,0,0,in list,
goodness,yes,24,21,3,35,0.69,טוּב H2898 ×13; טוֹב H2896b ×5; ἀγαθωσύνη G00190 ×3,PSA:8 HOS:3 NEH:2 PRO:2,3,0,0,0,in list,
pride,yes,24,24,0,56,0.43,גָּאוֹן H1347 ×14; גַּאֲוָה H1346 ×6; גֵּאוּת H1348 ×1,ISA:8 PSA:5 PRO:3 EZK:2,5,0,0,0,in list,
help,yes,23,23,0,112,0.21,עֵזֶר H5828 ×14; עֶזְרָה H5833 ×9,PSA:16 DEU:3 ISA:3 HOS:1,0,0,0,0,in list,
rebuke,yes,22,22,0,73,0.30,תּוֹכֵחָה H8433b ×14; גְּעָרָה H1606 ×5; מִגְעֶרֶת H4045 ×1,PRO:16 ISA:2 PSA:2 DEU:1,0,0,0,0,in list,
darkness,yes,21,8,13,167,0.13,σκότος G46550 ×11; חֹשֶׁךְ H2822 ×6; σκοτία G46530 ×2,ISA:8 MAT:6 1TH:2 2CO:2,0,0,0,0,in list,
greatness,yes,21,20,1,48,0.44,גְּדוּלָה H1420 ×6; גֹּדֶל H1433 ×6; רֹב H7230 ×5,PSA:6 DAN:3 ISA:3 2SA:2,3,0,0,0,in list,
interpretation,yes,21,18,3,42,0.50,פְּשַׁר H6591 ×16; ἑρμηνία G20580 ×2; ἐπίλυσις G19550 ×1,DAN:16 1CO:2 2PE:1 ECC:1,16,0,0,4,in list,
thanksgiving,yes,21,11,10,34,0.62,תּוֹדָה H8426 ×11; εὐχαριστία G21690 ×10,PSA:6 2CO:3 LEV:3 1TI:2,1,0,0,0,in list,
anger,yes,20,15,5,72,0.28,אַף H0639 ×5; ὀργή G37090 ×3; כַּעַס H3708a ×3,JER:4 ECC:3 PSA:3 2CH:2,4,0,0,0,in list,
unrighteousness,yes,20,5,15,31,0.65,ἀδικία G00930 ×14; עֶוֶל H5766b ×4; ἀδικέω G00910 ×1,ROM:7 JOB:3 2TH:2 1CO:1,1,0,1,0,in list,
disgrace,yes,19,18,1,34,0.56,חָפֵר H2659 ×5; חֶרְפָּה H2781 ×4; כְּלִמָּה H3639 ×3,ISA:5 PSA:5 PRO:3 LEV:2,1,0,0,0,in list,
prayer,yes,19,14,5,129,0.15,תְּפִלָּה H8605 ×14; προσευχή G43350 ×4; δέησις G11620 ×1,PSA:11 PRO:2 ROM:2 1CO:1,0,0,0,0,in list,
work,yes,19,6,13,574,0.03,ἔργον G20410 ×12; פֹּעַל H6467 ×2; מַעֲשֶׂה H4639 ×2,1CO:4 GAL:2 JER:2 MAT:2,2,0,0,0,in list,
jealousy,yes,18,11,7,44,0.41,קִנְאָה H7068 ×10; ζῆλος G22050 ×4; παραζηλόω G38630 ×3,ROM:3 1CO:2 NUM:2 PRO:2,3,0,0,0,in list,
kindness,yes,18,13,5,39,0.46,חֶסֶד H2617a ×13; χρηστότης G55440 ×5,GEN:4 2SA:3 ROM:3 JOS:2,0,0,0,0,in list,
appearance,yes,17,14,3,113,0.15,מַרְאֶה H4758 ×11; πρόσωπον G43830 ×2; רֵו H7299 ×2,EZK:7 DAN:6 2CO:2 JHN:1,13,0,0,0,in list,
delight,yes,17,17,0,106,0.16,רָצוֹן H7522 ×6; חֵפֶץ H2656 ×4; שַׁעְשֻׁעַ H8191 ×3,PRO:7 PSA:4 ISA:2 MIC:2,2,0,0,0,in list,
likeness,yes,17,12,5,41,0.41,דְּמוּת H1823 ×10; ὁμοίωμα G36670 ×3; ὁμοιότης G36650 ×2,EZK:10 ROM:3 HEB:2 DEU:1,10,0,0,0,in list,
remembrance,yes,17,11,6,29,0.59,זֵכֶר H2143 ×11; ἀνάμνησις G03640 ×2; μνημόσυνον G34220 ×2,PSA:9 1CO:2 2TI:2 HOS:1,0,0,0,0,in list,
sorrow,yes,17,10,7,35,0.49,יָגוֹן H3015 ×8; λύπη G30770 ×6; ὀδύνη G36010 ×1,2CO:5 PSA:5 ISA:2 1TI:1,1,0,0,0,in list,
uncleanness,yes,17,12,5,41,0.41,טֻמְאָה H2932 ×10; ἀκαθαρσία G01670 ×5; טָמֵא H2931 ×1,LEV:8 NUM:2 ROM:2 1TH:1,1,0,0,0,in list,
endurance,yes,16,1,15,30,0.53,ὑπομονή G52810 ×15; נֶצַח H5331 ×1,ROM:4 2CO:3 REV:3 HEB:2,0,0,0,0,in list,
integrity,yes,16,16,0,27,0.59,תֹּם H8537 ×10; תֻּמָּה H8538 ×3; מֵישָׁר H4339 ×2,PRO:8 PSA:5 JOB:2 JDG:1,0,0,0,0,in list,
might,yes,16,16,0,650,0.02,גְּבוּרָה H1369 ×13; כֹּחַ H3581b ×1; חׇזְקָה H2394 ×1,PSA:5 JER:2 MIC:2 ECC:1,5,0,1,0,in list,
exile,yes,15,15,0,88,0.17,גּוֹלָה H1473 ×10; גָּלוּת H1546 ×4; גָּלָה H1540 ×1,EZR:7 JER:3 ISA:2 EZK:1,5,1,1,0,in list,
fullness,yes,15,9,6,47,0.32,מְלֹא H4393 ×9; πλήρωμα G41380 ×6,ISA:4 JHN:2 ROM:2 AMO:1,1,0,0,0,in list,
oppression,yes,15,15,0,34,0.44,עֹשֶׁק H6233 ×6; לַחַץ H3906 ×3; עָשׁוּק H6217 ×1,PSA:6 ISA:4 JER:2 DEU:1,2,0,0,0,in list,
repentance,yes,15,0,15,22,0.68,μετάνοια G33410 ×15,ACT:6 2CO:2 HEB:2 MAT:2,0,0,0,0,in list,
tribulation,yes,15,0,15,17,0.88,θλῖψις G23470 ×14,2CO:5 MAT:3 MRK:3 ROM:2,0,0,0,0,in list,
trustworthiness,yes,15,15,0,16,0.94,אֶמֶת H0571 ×12; אֱמוּנָה H0530 ×2,PSA:7 PRO:5 EXO:1 ISA:1,1,0,0,0,in list,
weakness,yes,15,0,15,22,0.68,ἀσθένεια G07690 ×14; ἀσθένημα G07710 ×1,2CO:5 HEB:4 ROM:3 1CO:2,0,0,0,0,in list,
emptiness,yes,14,14,0,29,0.48,תֹּהוּ H8414 ×5; שָׁוְא H7723 ×4; רִיק H7385 ×2,ISA:8 PSA:2 EXO:1 HAB:1,1,0,0,0,in list,
eternity,yes,14,12,2,155,0.09,עוֹלָם H5769 ×12; αἰών G01650 ×2,ISA:5 NUM:3 PSA:3 2CO:2,1,0,0,0,in list,
gladness,yes,14,14,0,29,0.48,שִׂמְחָה H8057 ×9; שָׂשׂוֹן H8342 ×2; טוּב H2898 ×1,ISA:8 PSA:3 DEU:1 JER:1,2,0,0,0,in list,
indignation,yes,14,14,0,21,0.67,זַעַם H2195 ×12; כַּעַס H3708b ×1; חָרוֹן H2740 ×1,PSA:4 JER:3 DAN:1 HAB:1,4,0,0,0,in list,
possession,yes,14,13,1,146,0.10,אֲחֻזָּה H0272 ×5; מוֹרָשָׁה H4181 ×2; סְגֻלָּה H5459 ×2,NUM:4 PSA:3 EZK:2 1PE:1,2,0,0,0,in list,
right,yes,14,10,4,334,0.04,יָשָׁר H3477 ×8; ἐξουσία G18490 ×4; צֶדֶק H6664 ×1,DEU:5 1CO:4 1KI:3 PSA:1,0,0,0,0,in list,
security,yes,14,13,1,37,0.38,בֶּטַח H0983 ×12; ἀσφάλεια G08030 ×1; מִבְטָח H4009 ×1,ISA:2 JDG:2 JER:2 PSA:2,3,0,0,0,in list,
uprightness,yes,14,14,0,24,0.58,יֹשֶׁר H3476 ×6; מִישׁוֹר H4334 ×3; נְכֹחָה H5229 ×2,ISA:5 JOB:3 PSA:3 DEU:1,0,0,0,0,in list,
discipline,yes,13,9,4,34,0.38,מוּסָר H4148 ×8; παιδεία G38090 ×4,JER:4 HEB:3 PRO:3 EPH:1,4,0,0,0,in list,
forgiveness,yes,13,4,9,17,0.76,ἄφεσις G08590 ×9; סְלִיחָה H5547 ×3,ACT:3 HEB:2 MRK:2 2CH:1,1,1,0,0,in list,
guilt,yes,13,13,0,74,0.18,אַשְׁמָה H0819 ×6; אָשָׁם H0817 ×3; אָשַׁם H0816 ×2,LEV:5 HOS:2 NUM:2 PSA:2,2,0,0,0,in list,
insight,yes,13,13,0,25,0.52,שָׂכַל H7919a ×7; שֶׂכֶל H7922 ×5; בִּינָה H0998 ×1,PRO:11 JER:1 PSA:1,1,0,0,0,in list,
mourning,yes,13,12,1,66,0.20,אָבַל H0056 ×2; תַּאֲנִיָּה H8386 ×2; אֵבֶל H0060 ×2,EZK:3 ISA:2 JER:2 MIC:2,7,0,0,0,in list,
rest,yes,13,8,5,262,0.05,מְנוּחָה H4496 ×3; נַחַת H5183a ×2; ἀνάπαυσις G03720 ×2,MAT:3 ISA:2 2CH:1 2SA:1,0,0,0,0,in list,
strife,yes,13,9,4,22,0.59,ἔρις G20540 ×4; רִיב H7379 ×4; מָדוֹן H4066 ×4,PRO:5 ROM:2 1CO:1 HAB:1,0,0,0,0,in list,
trespass,yes,13,1,12,24,0.54,παράπτωμα G39000 ×12; אָשָׁם H0817 ×1,ROM:5 MAT:2 MRK:2 COL:1,0,0,0,0,in list,
beauty,yes,12,12,0,54,0.22,יֳפִי H3308 ×6; תִּפְאָרָה H8597 ×4; הָדָר H1926 ×1,ISA:3 PSA:3 PRO:2 1CH:1,3,0,0,0,in list,
bitterness,yes,12,11,1,26,0.46,מַר H4751 ×6; תַּמְרוּר H8563 ×2; πικρία G40880 ×1,JOB:3 NUM:2 PRO:2 EPH:1,2,0,0,0,in list,
dominion,yes,12,12,0,34,0.35,מֶמְשָׁלָה H4475 ×6; שׇׁלְטָן H7985 ×3; מִשְׂרָה H4951 ×1,DAN:4 ISA:2 PSA:2 1KI:1,6,0,0,0,in list,
obedience,yes,12,0,12,18,0.67,ὑπακοή G52180 ×11; ὑποταγή G52920 ×1,ROM:6 2CO:3 1PE:2 HEB:1,0,0,0,0,in list,
patience,yes,12,0,12,18,0.67,μακροθυμία G31150 ×8; μακροθυμέω G31140 ×2; ὑπομονή G52810 ×2,ROM:4 MAT:2 1TI:1 2TI:1,0,0,0,0,in list,
royalty,yes,12,12,0,16,0.75,מַלְכוּת H4438 ×12,EST:12,0,0,0,0,in list,
thought,yes,12,9,3,71,0.17,מַחֲשָׁבָה H4284 ×4; רֵעַ H7454 ×2; שֵׂחַ H7808 ×1,PSA:6 AMO:1 COL:1 DAN:1,3,0,0,0,in list,
wealth,yes,12,9,3,103,0.12,חַיִל H2428 ×4; עֹשֶׁר H6239 ×3; πλοῦτος G41490 ×2,EST:2 PSA:2 ECC:1 EZK:1,3,0,0,0,in list,
wonder,yes,12,11,1,73,0.16,פֶּלֶא H6382 ×4; פָּלָא H6381 ×4; θάμβος G22850 ×1,PSA:7 ISA:2 ACT:1 JOL:1,1,0,0,0,in list,
youth,yes,12,10,2,86,0.14,נָעוּר H5271a ×6; נֹעַר H5290 ×3; νεότης G35030 ×2,PRO:3 PSA:2 1TI:1 ISA:1,1,0,0,0,in list,
confusion,yes,11,9,2,12,0.92,תִּמָּהוֹן H8541 ×2; מְבוּכָה H3998 ×2; ἀκαταστασία G01810 ×1,DEU:2 ISA:2 1CO:1 ACT:1,2,0,0,0,in list,
correction,yes,11,11,0,15,0.73,מוּסָר H4148 ×11,PRO:9 JER:1 JOB:1,1,0,0,0,in list,
curse,yes,11,9,2,111,0.10,קְלָלָה H7045 ×4; אָלָה H0423 ×4; κατάρα G26710 ×2,JER:4 DEU:2 GAL:2 ZEC:2,6,0,1,0,in list,
dishonor,yes,11,5,6,20,0.55,ἀτιμία G08190 ×6; קָלוֹן H7036 ×5,PRO:3 2CO:2 HOS:2 ROM:2,0,0,0,0,in list,
fellowship,yes,11,0,11,15,0.73,κοινωνία G28420 ×11,2CO:4 1JN:3 ACT:1 GAL:1,0,0,0,0,in list,
horror,yes,11,11,0,30,0.37,שַׁמָּה H8047 ×5; זְוָעָה H2113 ×3; מִפְלֶצֶת H4656 ×1,JER:7 1KI:1 2CH:1 DEU:1,8,1,0,0,in list,
injustice,yes,11,10,1,24,0.46,עֶוֶל H5766b ×5; עֶוֶל H5766a ×3; ἀδικία G00930 ×1,PSA:3 2CO:1 DEU:1 EZK:1,3,0,0,0,in list,
pain,yes,11,8,3,54,0.20,מַכְאֹב H4341 ×3; חִיל H2427a ×2; ἀλυπότερος G02530 ×2,ISA:2 JER:2 PHP:2 PSA:2,3,0,1,0,in list,
redemption,yes,11,5,6,31,0.35,ἀπολύτρωσις G06290 ×5; פְּדוּת H6304 ×4; λύτρωσις G30850 ×1,HEB:2 PSA:2 ROM:2 1CO:1,0,0,0,0,in list,
rejoicing,yes,11,11,0,70,0.16,שִׂמְחָה H8057 ×6; מָשׂוֹשׂ H4885 ×2; גִּיל H1524a ×2,ISA:4 NEH:3 PSA:3 JER:1,1,0,0,0,in list,
slaughter,yes,11,8,3,84,0.13,σφαγή G49670 ×2; הֶרֶג H2027 ×2; קֶטֶל H6993 ×2,JER:3 OBA:2 ACT:1 HEB:1,3,0,0,0,in list,
worthlessness,yes,11,11,0,18,0.61,שָׁוְא H7723 ×7; רִיק H7385 ×2; אֱלוּל H0434 ×1,ISA:3 PSA:3 HOS:2 JER:1,1,0,0,0,in list,
godliness,yes,10,0,10,16,0.62,εὐσέβεια G21500 ×9; θεοσέβεια G23170 ×1,1TI:8 2TI:1 TIT:1,0,0,0,0,in list,
humility,yes,10,4,6,16,0.62,ταπεινοφροσύνη G50120 ×5; עֲנָוָה H6038 ×3; עַנְוָה H6037 ×1,COL:2 PRO:2 1PE:1 ACT:1,0,0,0,0,in list,
immorality,yes,10,0,10,31,0.32,πορνεία G42020 ×8; πορνεύω G42030 ×1; κοίτη G28450 ×1,1CO:4 MAT:2 1TH:1 2CO:1,0,0,0,0,in list,
poverty,yes,10,7,3,16,0.62,רֵישׁ H7389a ×3; πτωχεία G44320 ×2; רֵישׁ H7389b ×2,PRO:6 2CO:2 DEU:1 MRK:1,0,0,0,0,in list,
revelation,yes,10,0,10,17,0.59,ἀποκάλυψις G06020 ×10,ROM:3 1CO:2 1PE:2 GAL:2,0,0,0,0,in list,
suffering,yes,10,1,9,37,0.27,πάθημα G38040 ×4; θλῖψις G23470 ×4; דְּוַי H1741 ×1,ROM:4 1PE:3 JHN:1 PSA:1,0,0,0,0,in list,
teaching,yes,10,1,9,132,0.08,διδαχή G13220 ×7; διδασκαλία G13190 ×1; תּוֹרָה H8451 ×1,MAT:2 ROM:2 1CO:1 2TI:1,0,0,0,0,in list,
zeal,yes,10,6,4,19,0.53,קִנְאָה H7068 ×6; ζῆλος G22050 ×4,ISA:3 2CO:2 PSA:2 HEB:1,0,0,0,0,in list,
adultery,yes,9,2,7,44,0.20,μοιχεύω G34310 ×5; μοιχάω G34290 ×2; נַאֲפוּף H5005 ×1,MAT:5 MRK:2 HOS:1 PRO:1,0,0,0,0,in list,
contribution,yes,9,8,1,67,0.13,תְּרוּמָה H8641 ×8; κοινωνία G28420 ×1,NUM:6 ISA:1 LEV:1 ROM:1,0,0,0,0,in list,
dispute,yes,9,8,1,39,0.23,רִיב H7379 ×8; ζήτησις G22140 ×1,PRO:5 HOS:1 JER:1 JHN:1,2,0,0,0,in list,
dread,yes,9,9,0,32,0.28,פַּחַד H6343 ×8; עָרַץ H6206 ×1,PRO:4 PSA:3 ISA:1 JER:1,1,1,0,0,in list,
encouragement,yes,9,0,9,11,0.82,παράκλησις G38740 ×9,ROM:3 2CO:2 ACT:2 1CO:1,0,0,0,0,in list,
envy,yes,9,2,7,16,0.56,φθόνος G53550 ×6; קִנְאָה H7068 ×2; πλεονεξία G41240 ×1,1PE:1 COL:1 GAL:1 ISA:1,0,0,0,0,in list,
grief,yes,9,8,1,16,0.56,תּוּגָה H8424 ×4; כַּעַס H3708a ×3; λυπέω G30760 ×1,PRO:4 PSA:2 2CO:1 ECC:1,0,0,0,0,in list,
mystery,yes,9,2,7,37,0.24,μυστήριον G34660 ×7; רָז H7328 ×2,1CO:3 1TI:2 DAN:2 2TH:1,2,0,0,0,in list,
priesthood,yes,9,5,4,21,0.43,כְּהֻנָּה H3550 ×5; ἱερωσύνη G24200 ×3; ἱερατεία G24050 ×1,HEB:4 NUM:4 EZR:1,0,0,0,0,in list,
quarrel,yes,9,9,0,23,0.39,מָדוֹן H4066 ×5; מִדְיָן H4079 ×2; מַצּוּת H4695 ×1,PRO:7 ISA:2,0,0,0,0,in list,
sickness,yes,9,2,7,40,0.23,κακῶς G25600 ×7; חֳלִי H2483 ×2,MAT:5 MRK:2 ECC:1 PSA:1,0,0,0,0,in list,
tradition,yes,9,0,9,13,0.69,παράδοσις G38620 ×9,MRK:4 MAT:3 1CO:1 COL:1,0,0,0,0,in list,
valor,yes,9,9,0,77,0.12,חַיִל H2428 ×9,PSA:3 1SA:2 2KI:1 2SA:1,0,0,0,0,in list,
anguish,yes,8,7,1,16,0.50,חַלְחָלָה H2479 ×2; צוֹק H6695b ×2; συνοχή G49280 ×1,EZK:2 ISA:2 2CO:1 JER:1,3,0,0,0,in list,
circumcision,yes,8,0,8,36,0.22,περιτομή G40610 ×8,ROM:5 GAL:2 1CO:1,0,0,0,0,in list,
comfort,yes,8,2,6,51,0.16,παράκλησις G38740 ×5; παρηγορία G39310 ×1; נֶחָמָה H5165 ×1,2CO:4 2TH:1 COL:1 PSA:1,1,0,0,0,in list,
creation,yes,8,2,6,19,0.42,κτίσις G29370 ×5; κτίσμα G29380 ×1; קִנְיָן H7075 ×1,ROM:3 PSA:2 1TI:1 2CO:1,0,0,0,0,in list,
dedication,yes,8,8,0,13,0.62,חֲנֻכָּה H2598 ×5; חֲנֻכָּא H2597 ×3,NUM:4 EZR:2 DAN:1 NEH:1,1,0,0,0,in list,
escape,yes,8,8,0,56,0.14,פְּלֵיטָה H6413 ×8,ISA:2 JOL:2 1CH:1 DAN:1,3,0,0,0,in list,
foolishness,yes,8,3,5,18,0.44,ἀφροσύνη G08770 ×3; אִוֶּלֶת H0200 ×2; μωρία G34720 ×1,2CO:3 PSA:2 1CO:1 2TI:1,0,0,0,0,in list,
freedom,yes,8,2,6,19,0.42,ἐλευθερία G16570 ×6; דְּרוֹר H1865 ×2,GAL:3 1CO:1 2CO:1 ISA:1,1,0,0,0,in list,
hostility,yes,8,7,1,19,0.42,קְרִי H7147 ×5; מַשְׂטֵמָה H4895 ×2; ἔχθρα G21890 ×1,LEV:5 HOS:2 ROM:1,0,0,0,0,in list,
humiliation,yes,8,7,1,22,0.36,כְּלִמָּה H3639 ×5; ταπείνωσις G50140 ×1; בּוּז H0937 ×1,PSA:4 JER:2 ACT:1 ISA:1,2,0,0,0,in list,
lawlessness,yes,8,0,8,12,0.67,ἀνομία G04580 ×8,MAT:4 2CO:1 2TH:1 HEB:1,0,0,0,0,in list,
profit,yes,8,8,0,38,0.21,יִתְרוֹן H3504 ×4; סַחַר H5504 ×2; מוֹתָר H4195 ×2,ECC:4 PRO:3 ISA:1,0,0,0,0,in list,
purpose,yes,8,2,6,31,0.26,πρόθεσις G42860 ×3; γνώμη G11060 ×1; βουλή G10120 ×1,ROM:3 1CO:1 2TI:1 HEB:1,0,0,0,0,in list,
rage,yes,8,7,1,32,0.25,עֶבְרָה H5678 ×3; זַעַף H2197 ×2; θυμός G23720 ×1,PRO:4 PSA:2 EPH:1 MIC:1,1,0,0,0,in list,
rebellion,yes,8,8,0,44,0.18,מְרִי H4805 ×4; סָרָה H5627 ×3; מַרְדּוּת H4780 ×1,DEU:2 ISA:2 1SA:1 JER:1,1,0,1,0,in list,
recompense,yes,8,8,0,22,0.36,גְּמוּל H1576 ×5; שִׁלֵּם H8005 ×1; תְּמוּרָה H8545 ×1,ISA:2 DEU:1 JER:1 JOB:1,2,0,0,0,in list,
safety,yes,8,7,1,15,0.53,בֶּטַח H0983 ×4; יֶשַׁע H3468 ×3; ἀσφάλεια G08030 ×1,JOB:3 1KI:1 1TH:1 HOS:1,1,0,1,0,in list,
stubbornness,yes,8,8,0,10,0.80,שְׁרִירוּת H8307 ×8,JER:6 DEU:1 PSA:1,6,0,0,0,in list,
uncircumcision,yes,8,0,8,18,0.44,ἀκροβυστία G02030 ×8,ROM:4 1CO:2 COL:1 GAL:1,0,0,0,0,in list,
contempt,yes,7,7,0,17,0.41,בּוּז H0937 ×5; דְּרָאוֹן H1860 ×1; בּוּזָה H0939 ×1,PSA:4 DAN:1 NEH:1 PRO:1,1,0,0,0,in list,
discretion,yes,7,7,0,7,1.00,מְזִמָּה H4209 ×5; טְעֵם H2942 ×1; טַעַם H2940 ×1,PRO:6 DAN:1,1,0,0,0,in list,
disobedience,yes,7,0,7,9,0.78,ἀπείθεια G05430 ×4; παρακοή G38760 ×3,HEB:3 ROM:3 2CO:1,0,0,0,0,in list,
hardship,yes,7,5,2,13,0.54,צָבָא H6635a ×2; תְּלָאָה H8513 ×2; ἀνάγκη G03180 ×1,JOB:2 2CO:1 2TI:1 NEH:1,0,0,0,0,in list,
labor,yes,7,3,4,80,0.09,κόπος G28730 ×2; πόνος G41920 ×1; עָמָל H5999 ×1,1CO:1 1TH:1 COL:1 DEU:1,0,0,0,0,in list,
passion,yes,7,0,7,11,0.64,πάθος G38060 ×3; πάθημα G38040 ×2; ἐπιθυμία G19390 ×2,ROM:2 TIT:2 1TH:1 COL:1,0,0,0,0,in list,
portion,yes,7,6,1,159,0.04,מְנָת H4521 ×3; חֵלֶק H2506a ×2; κλῆρος G28190 ×1,NEH:3 NUM:2 1PE:1 HAB:1,0,0,0,0,in list,
prostitution,yes,7,7,0,42,0.17,זְנוּת H2184 ×4; זָנוּן H2183 ×3,HOS:5 JER:2,2,0,0,0,in list,
quietness,yes,7,3,4,7,1.00,ἡσυχία G22710 ×4; שֶׁקֶט H8253 ×1; נַחַת H5183a ×1,1TI:2 1CH:1 2TH:1 ACT:1,1,0,0,0,in list,
refuge,yes,7,6,1,87,0.08,מַחֲסֶה H4268 ×3; מְעוֹנָה H4585 ×1; καταφεύγω G27030 ×1,ISA:2 DEU:1 HEB:1 JER:1,1,0,0,0,in list,
reward,yes,7,3,4,44,0.16,שָׂכָר H7939 ×3; μισθός G34080 ×2; ἀνταπόδοσις G04690 ×1,1CO:2 COL:1 ECC:1 GEN:1,0,0,0,0,in list,
sacrifice,yes,7,3,4,278,0.03,זֶבַח H2077 ×3; θυσία G23780 ×2; ἱερόθυτος G24105 ×1,PRO:3 1CO:1 HEB:1 MAT:1,0,0,0,0,in list,
sanctification,yes,7,0,7,9,0.78,ἁγιασμός G00380 ×7,1TH:3 ROM:2 1CO:1 1PE:1,0,0,0,0,in list,
self-control,yes,7,0,7,0,,ἀκρασία G01920 ×1,1CO:2 1TI:2 2TI:1 GAL:1,0,0,0,0,in list,
unbelief,yes,7,0,7,9,0.78,ἀπιστία G05700 ×7,HEB:2 MRK:2 ROM:2 MAT:1,0,0,0,0,in list,
unfaithfulness,yes,7,5,2,15,0.47,מַעַל H4604 ×5; ἀπιστία G05700 ×2,NUM:4 1TI:1 LEV:1 ROM:1,0,0,0,0,in list,
apostasy,yes,6,4,2,7,0.86,מְשׁוּבָה H4878 ×4; ἀποστασία G06460 ×2,JER:4 2TH:1 ACT:1,4,0,0,0,in list,
benefit,yes,6,2,4,31,0.19,σύμφορος G48525 ×2; יָעַל H3276 ×2; συμφέρω G48510 ×1,1CO:3 ISA:1 JER:1 ROM:1,1,0,0,0,in list,
blasphemy,yes,6,0,6,15,0.40,βλασφημία G09880 ×6,MAT:3 MRK:2 JHN:1,0,0,0,0,in list,
brightness,yes,6,5,1,23,0.26,נֹגַהּ H5051 ×4; זֹהַר H2096 ×1; ἀπαύγασμα G05410 ×1,ISA:2 DAN:1 EZK:1 HAB:1,2,0,0,0,in list,
burning,yes,6,6,0,119,0.05,בָּעַר H1197a ×2; שְׂרֵפָה H8316 ×2; קָלָה H7033 ×1,ISA:2 PSA:2 NEH:1 NUM:1,0,0,0,0,in list,
condemnation,yes,6,0,6,9,0.67,κατάκριμα G26310 ×3; κατάκρισις G26330 ×2; κρίμα G29170 ×1,ROM:3 2CO:2 MRK:1,0,0,0,0,in list,
deed,yes,6,1,5,179,0.03,ἔργον G20410 ×5; מַעֲשֶׂה H4639 ×1,COL:2 ROM:2 ECC:1 HEB:1,0,0,0,0,in list,
earnestness,yes,6,0,6,6,1.00,σπουδή G47100 ×5; ἐκτένεια G16160 ×1,2CO:5 ACT:1,0,0,0,0,in list,
futility,yes,6,5,1,8,0.75,שָׁוְא H7723 ×4; רִיק H7385 ×1; ματαιότης G31530 ×1,PSA:3 JER:1 JOB:1 ROM:1,1,0,0,0,in list,
generosity,yes,6,1,5,6,1.00,ἁπλότης G05720 ×4; ἁδρότης G01000 ×1; נְדָבָה H5071 ×1,2CO:4 PSA:1 ROM:1,0,0,0,0,in list,
habitation,yes,6,6,0,31,0.19,נָוֶה H5116a ×3; מִשְׁכָּן H4908 ×2; גּוּר H1481a ×1,JOB:3 ISA:2 2SA:1,0,0,0,0,in list,
hatred,yes,6,6,0,14,0.43,שִׂנְאָה H8135 ×6,PSA:3 PRO:2 DEU:1,0,0,0,0,in list,
impurity,yes,6,4,2,17,0.35,נִדָּה H5079 ×4; ἀκαθαρσία G01670 ×2,NUM:4 2CO:1 GAL:1,0,0,0,0,in list,
lack,yes,6,5,1,48,0.12,מַחְסוֹר H4270 ×4; ὑστέρημα G53030 ×1; חֶסֶר H2639 ×1,PRO:4 2CO:1 PSA:1,0,0,0,0,in list,
need,yes,6,1,5,69,0.09,χρεία G55320 ×4; ὑστέρημα G53030 ×1; מַחְסוֹר H4270 ×1,2CO:1 ACT:1 HEB:1 MRK:1,0,0,0,0,in list,
opportunity,yes,6,0,6,15,0.40,εὐκαιρέω G21190 ×2; ἀφορμή G08740 ×2; καιρός G25400 ×1,1CO:1 1TI:1 2CO:1 HEB:1,0,0,0,0,in list,
perfection,yes,6,4,2,10,0.60,τελειότης G50470 ×1; τελείωσις G50500 ×1; תַּכְלִית H8503 ×1,JOB:2 PSA:2 COL:1 HEB:1,0,0,0,0,in list,
perpetuity,yes,6,6,0,25,0.24,עוֹלָם H5769 ×4; נֶצַח H5331 ×1; עַד H5703 ×1,JER:2 ECC:1 ISA:1 PRO:1,2,0,0,0,in list,
persecution,yes,6,1,5,13,0.46,διωγμός G13750 ×5; מֻרְדָּף H4783 ×1,MRK:2 2TI:1 ISA:1 MAT:1,0,0,0,0,in list,
proof,yes,6,0,6,7,0.86,δοκιμή G13820 ×3; σφραγίς G49730 ×1; ἔνδειξις G17320 ×1,2CO:4 1CO:1 HEB:1,0,0,0,0,in list,
prophecy,yes,6,0,6,22,0.27,προφητεία G43940 ×6,1CO:4 1TI:1 ROM:1,0,0,0,0,in list,
prosperity,yes,6,6,0,16,0.38,טוֹב H2896c ×2; שַׁלְוָה H7962 ×2; יָתַר H3498 ×1,DEU:3 PSA:2 JER:1,1,0,1,0,in list,
prudence,yes,6,6,0,6,1.00,עׇרְמָה H6195 ×3; תּוּשִׁיָּה H8454 ×2; עֵטָא H5843 ×1,PRO:4 DAN:1 JOB:1,1,0,0,0,in list,
punishment,yes,6,4,2,25,0.24,פְּקֻדָּה H6486 ×2; ἐκδίκησις G15570 ×1; κόλασις G28510 ×1,1PE:1 EZK:1 HOS:1 JER:1,2,0,1,0,in list,
relief,yes,6,2,4,8,0.75,ἄνεσις G04250 ×4; רְוָחָה H7309 ×1; כֵּהָה H3545 ×1,2CO:3 2TH:1 LAM:1 NAM:1,0,0,0,0,in list,
remnant,yes,6,4,2,93,0.06,שְׁאֵרִית H7611 ×2; שְׁאֵרִית H7611 ×2; ὑπόλειμμα G52747 ×1,JER:2 MIC:2 ROM:2,4,0,1,0,in list,
ruin,yes,6,5,1,62,0.10,חׇרְבָּה H2723 ×4; ὄλεθρος G36390 ×1; מְחִתָּה H4288 ×1,JER:4 1TI:1 PRO:1,4,0,2,0,in list,
sincerity,yes,6,0,6,7,0.86,εἰλικρίνεια G15050 ×3; ἁπλότης G05720 ×2; ἀφελότης G08580 ×1,2CO:3 1CO:1 ACT:1 COL:1,0,0,0,0,in list,
toil,yes,6,6,0,39,0.15,עָמָל H5999 ×5; עֶצֶב H6089a ×1,ECC:5 PSA:1,0,0,0,0,in list,
trembling,yes,6,4,2,37,0.16,τρόμος G51560 ×2; חֲרָדָה H2731 ×2; רְתֵת H7578 ×1,1CO:1 2CO:1 EZK:1 HOS:1,2,0,0,0,in list,
visitation,yes,6,5,1,12,0.50,פְּקֻדָּה H6486 ×5; ἐπισκοπή G19840 ×1,JER:2 1PE:1 ISA:1 JOB:1,3,0,0,0,in list,
acceptance,yes,5,3,2,14,0.36,רָצוֹן H7522 ×3; ἀποδοχή G05940 ×1; πρόσλημψις G43560 ×1,ISA:3 1TI:1 ROM:1,0,0,0,0,in list,
agreement,yes,5,2,3,6,0.83,σύμφωνος G48590 ×1; συνκατάθεσις G47830 ×1; חֹזֶה H2374 ×1,ISA:2 1CO:1 2CO:1 MAT:1,0,0,0,0,in list,
arrogance,yes,5,5,0,11,0.45,הָמוֹן H1995b ×1; יָעַז H3267 ×1; גָּאוֹן H1347 ×1,PSA:2 EZK:1 ISA:1 PRO:1,1,0,0,0,in list,
boldness,yes,5,0,5,10,0.50,παρρησία G39540 ×5,ACT:4 2CO:1,0,0,0,0,in list,
confession,yes,5,1,4,7,0.71,ὁμολογία G36710 ×4; תּוֹדָה H8426 ×1,1TI:2 2CO:1 HEB:1 JOS:1,0,0,0,0,in list,
contention,yes,5,5,0,8,0.62,מַצָּה H4683 ×3; רִיב H7379 ×2,ISA:2 PRO:2 JER:1,1,0,0,0,in list,
courage,yes,5,0,5,9,0.56,θαρσέω G22930 ×5,MAT:3 MRK:2,0,0,0,0,in list,
deception,yes,5,4,1,7,0.71,כַּחַשׁ H3585 ×1; מַהֲתַלָּה H4123 ×1; πλάνη G41060 ×1,HOS:1 ISA:1 MAT:1 MIC:1,1,0,0,0,in list,
devastation,yes,5,5,0,11,0.45,שׁוֹא H7722b ×2; מְשַׁמָּה H4923 ×1; שְׁמָמָה H8077a ×1,EZK:1 JER:1 PRO:1 PSA:1,2,0,0,0,in list,
dignity,yes,5,1,4,6,0.83,σεμνότης G45870 ×3; εὐσχημοσύνη G21570 ×1; שְׂאֵת H7613 ×1,1TI:2 1CO:1 HAB:1 TIT:1,0,0,0,0,in list,
division,yes,5,0,5,64,0.08,σχίσμα G49780 ×4; διχοστασία G13700 ×1,JHN:3 1CO:1 ROM:1,0,0,0,0,in list,
end,yes,5,4,1,356,0.01,אַחֲרִית H0319 ×3; כָּלָה H3617 ×1; τέλος G50560 ×1,NUM:2 JER:1 LAM:1 PHP:1,1,1,0,0,in list,
foundation,yes,5,0,5,65,0.08,καταβολή G26020 ×5,MAT:2 1PE:1 JHN:1 REV:1,0,0,0,0,in list,
fury,yes,5,5,0,20,0.25,עֶבְרָה H5678 ×2; זַעַם H2195 ×1; קֶצֶף H7110a ×1,PSA:2 HAB:1 ISA:1 JER:1,1,0,0,0,in list,
gain,yes,5,2,3,39,0.13,κέρδος G27710 ×2; κερδαίνω G27700 ×1; בָּצַע H1214 ×1,PHP:3 PRO:1 PSA:1,0,0,0,0,in list,
gentleness,yes,5,1,4,9,0.56,πραΰτης G42400 ×3; ἐπιείκεια G19320 ×1; אַט H0328b ×1,1CO:1 2CO:1 EPH:1 GAL:1,0,0,0,0,in list,
happiness,yes,5,5,0,34,0.15,אֶשֶׁר H0835 ×5,ISA:3 DAN:1 PSA:1,1,0,0,0,in list,
hypocrisy,yes,5,0,5,7,0.71,ὑπόκρισις G52720 ×5,1PE:1 1TI:1 GAL:1 MAT:1,0,0,0,0,in list,
image,yes,5,0,5,93,0.05,εἰκών G15040 ×5,1CO:2 2CO:2 COL:1,0,0,0,0,in list,
immortality,yes,5,0,5,5,1.00,ἀθανασία G01100 ×3; ἀφθαρσία G08610 ×2,1CO:3 1TI:1 2TI:1,0,0,0,0,in list,
loss,yes,5,0,5,11,0.45,ζημία G22090 ×4; ἥττημα G22750 ×1,PHP:3 ACT:1 ROM:1,0,0,0,0,in list,
meditation,yes,5,5,0,6,0.83,שִׂיחַ H7879 ×2; שִׂיחָה H7881 ×2; הָגוּת H1900 ×1,PSA:5,0,0,0,0,in list,
oversight,yes,5,4,1,9,0.56,פְּקֻדָּה H6486 ×4; ἐπισκοπέω G19830 ×1,NUM:4 1PE:1,0,0,0,0,in list,
pleasure,yes,5,4,1,32,0.16,חֵפֶץ H2656 ×2; רָצוֹן H7522 ×1; שַׁעְשֻׁעַ H8191 ×1,ISA:2 PSA:2 TIT:1,0,0,0,0,in list,
readiness,yes,5,0,5,7,0.71,προθυμία G42880 ×4; ἕτοιμος G20920 ×1,2CO:5,0,0,0,0,in list,
reign,yes,5,5,0,124,0.04,מַמְלָכָה H4467 ×2; מָלַךְ H4427a ×1; מַמְלָכוּת H4468 ×1,JER:3 EST:1 PSA:1,3,0,2,0,in list,
satisfaction,yes,5,5,0,7,0.71,שֹׂבַע H7648 ×2; שָׂבַע H7646 ×1; שָׁלֵו H7961 ×1,EZK:1 ISA:1 JOB:1 LEV:1,1,0,0,0,in list,
slavery,yes,5,0,5,19,0.26,δουλεία G13970 ×4; δουλεύω G13980 ×1,GAL:3 ROM:2,0,0,0,0,in list,
temptation,yes,5,0,5,10,0.50,πειρασμός G39860 ×5,MAT:2 1CO:1 1TI:1 MRK:1,0,0,0,0,in list,
amazement,yes,4,1,3,6,0.67,ἔκστασις G16110 ×3; תָּמַהּ H8539 ×1,MRK:2 ACT:1 ISA:1,0,0,0,0,in list,
assurance,yes,4,0,4,6,0.67,πληροφορία G41360 ×3; πίστις G41020 ×1,HEB:2 1TH:1 ACT:1,0,0,0,0,in list,
baptism,yes,4,0,4,23,0.17,βάπτισμα G09080 ×4,MAT:2 ACT:1 MRK:1,0,0,0,0,in list,
behavior,yes,4,0,4,14,0.29,ἀναστροφή G03910 ×4,1PE:4,0,0,0,0,in list,
boasting,yes,4,0,4,27,0.15,καύχησις G27460 ×4,2CO:3 ROM:1,0,0,0,0,in list,
burden,yes,4,2,2,93,0.04,מַשָּׂא H4853a ×2; βάρος G09220 ×1; φορτίον G54130 ×1,GAL:2 HOS:1 NUM:1,0,0,0,0,in list,
burial,yes,4,1,3,19,0.21,קְבוּרָה H6900 ×1; ἐνταφιάζω G17790 ×1; ταφή G50270 ×1,MAT:2 JER:1 MRK:1,1,0,1,0,in list,
care,yes,4,2,2,21,0.19,שַׂרְעַף H8312 ×2; ἐπίστασις G19875 ×1; ἐπιμέλεια G19580 ×1,PSA:2 2CO:1 ACT:1,0,0,0,0,in list,
compulsion,yes,4,0,4,6,0.67,ἀνάγκη G03180 ×3; ἀναγκαστῶς G03170 ×1,1CO:2 1PE:1 2CO:1,0,0,0,0,in list,
concern,yes,4,1,3,12,0.33,μέλω G31990 ×2; μέριμνα G33080 ×1; דְּאָגָה H1674 ×1,2CO:1 MAT:1 MRK:1 PRO:1,0,0,0,0,in list,
consolation,yes,4,3,1,8,0.50,תַּנְחוּם H8575 ×2; παραμυθία G38890 ×1; נֶחָמָה H5165 ×1,JOB:2 1CO:1 PSA:1,0,0,0,0,in list,
craftiness,yes,4,1,3,6,0.67,πανουργία G38340 ×3; אׇרֳבָה H0698 ×1,2CO:2 1CO:1 ISA:1,0,0,0,0,in list,
deceitfulness,yes,4,1,3,4,1.00,ἀπάτη G05390 ×3; תׇּרְמָה H8649b ×1,HEB:1 JER:1 MAT:1 MRK:1,1,0,0,0,in list,
deliverance,yes,4,4,0,9,0.44,תְּשׁוּעָה H8668 ×3; יְשׁוּעָה H3444 ×1,1SA:2 2KI:1 JOB:1,0,0,0,0,in list,
depth,yes,4,2,2,31,0.13,πέλαγος G39890 ×1; עֹמֶק H6011 ×1; מְצוֹלָה H4688 ×1,MAT:1 PRO:1 PSA:1 ROM:1,0,0,0,0,in list,
discernment,yes,4,3,1,5,0.80,טַעַם H2940 ×3; διάκρισις G12530 ×1,1CO:1 1SA:1 PRO:1 PSA:1,0,0,0,0,in list,
drunkenness,yes,4,2,2,8,0.50,שִׁכָּרוֹן H7943 ×2; μέθη G31780 ×2,EZK:1 GAL:1 JER:1 ROM:1,2,0,0,0,in list,
expectation,yes,4,1,3,8,0.50,προσδοκία G43290 ×1; ἐκδοχή G15610 ×1; ἀποκαραδοκία G06030 ×1,ACT:1 HEB:1 PHP:1 PRO:1,0,0,0,0,in list,
fairness,yes,4,3,1,4,1.00,מֵישָׁר H4339 ×3; ἐπιείκεια G19320 ×1,PSA:3 ACT:1,0,0,0,0,in list,
generation,yes,4,3,1,247,0.02,דּוֹר H1755 ×2; תּוֹלְדָה H8435 ×1; γενεά G10740 ×1,ISA:2 1CH:1 ACT:1,1,0,0,0,in list,
gift,yes,4,1,3,183,0.02,χάρισμα G54860 ×3; מַתָּת H4991 ×1,ROM:2 2CO:1 ECC:1,0,0,0,0,in list,
gratitude,yes,4,0,4,5,0.80,χάρις G54850 ×4,1CO:1 1TI:1 2TI:1 HEB:1,0,0,0,0,in list,
incorruptibility,yes,4,0,4,4,1.00,ἀφθαρσία G08610 ×4,1CO:2 EPH:1 ROM:1,0,0,0,0,in list,
lust,yes,4,0,4,21,0.19,ἐπιθυμία G19390 ×2; ὄρεξις G37150 ×1; ἀσέλγεια G07660 ×1,ROM:3 1TH:1,0,0,0,0,in list,
ministry,yes,4,0,4,23,0.17,διακονία G12480 ×3; λειτουργία G30090 ×1,1CO:1 2CO:1 HEB:1 ROM:1,0,0,0,0,in list,
nature,yes,4,0,4,14,0.29,φύσις G54490 ×3; θειότης G23050 ×1,ROM:3 2PE:1,0,0,0,0,in list,
ransom,yes,4,4,0,31,0.13,פָּדוּי H6302 ×2; כֹּפֶר H3724a ×1; פִּדְיוֹם H6306a ×1,NUM:3 JOB:1,0,0,0,0,in list,
reconciliation,yes,4,0,4,4,1.00,καταλλαγή G26430 ×4,2CO:2 ROM:2,0,0,0,0,in list,
sight,yes,4,1,3,20,0.20,εἶδος G14910 ×1; ἀναβλέπω G03080 ×1; ἐνώπιον G17990 ×1,2CO:1 JER:1 JHN:1 ROM:1,1,0,0,0,in list,
stewardship,yes,4,0,4,4,1.00,οἰκονομία G36220 ×4,COL:2 1CO:1 1TI:1,0,0,0,0,in list,
trust,yes,4,4,0,83,0.05,מִבְטָח H4009 ×2; בִּטְחָה H0985 ×1,ISA:1 JER:1 JOB:1 PSA:1,1,0,0,0,in list,
victory,yes,4,0,4,8,0.50,νῖκος G35340 ×4,1CO:3 MAT:1,0,0,0,0,in list,
waste,yes,4,2,2,21,0.19,ἀπώλεια G06840 ×2; בָּתָה H1326 ×1; שַׁמָּה H8047 ×1,ISA:1 JOL:1 MAT:1 MRK:1,0,0,0,0,in list,
ability,yes,3,0,3,10,0.30,δύναμις G14110 ×3,2CO:1 HEB:1 MAT:1,0,0,0,0,in list,
accusation,yes,3,1,2,8,0.38,παραδέχομαι G38580 ×1; שִׂטְנָה H7855 ×1; κατηγορία G27240 ×1,1TI:1 EZR:1 JHN:1,0,0,0,0,in list,
adoption,yes,3,0,3,5,0.60,υἱοθεσία G52060 ×3,ROM:3,0,0,0,0,in list,
adornment,yes,3,2,1,4,0.75,κόσμος G28890 ×1; תִּפְאָרָה H8597 ×1; הָדָר H1926 ×1,1PE:1 ISA:1 PRO:1,0,0,0,0,in list,
complaint,yes,3,2,1,11,0.27,μομφή G34370 ×1; תּוֹכֵחָה H8433b ×1; שִׂיחַ H7879 ×1,COL:1 HAB:1 PSA:1,0,0,0,0,in list,
covetousness,yes,3,0,3,5,0.60,ἐπιθυμία G19390 ×2; πλεονεξία G41240 ×1,ROM:3,0,0,0,0,in list,
decay,yes,3,1,2,11,0.27,φθορά G53560 ×2; רָקָב H7538 ×1,1CO:1 HAB:1 ROM:1,0,0,0,0,in list,
diligence,yes,3,0,3,4,0.75,σπουδή G47100 ×3,ROM:2 HEB:1,0,0,0,0,in list,
dispersion,yes,3,1,2,4,0.75,διασπορά G12900 ×2; תְּפוֹצָה H8600 ×1,1PE:1 JAS:1 JER:1,1,0,0,0,in list,
election,yes,3,0,3,5,0.60,ἐκλογή G15890 ×3,ROM:2 1TH:1,0,0,0,0,in list,
eternal life,yes,3,0,3,,,ζωή G22220 ×3,ROM:3,0,0,0,0,in list,
exultation,yes,3,1,2,4,0.75,ἀγαλλίασις G00200 ×2; עֲלִיצוּת H5951 ×1,ACT:1 HAB:1 HEB:1,0,0,0,0,in list,
flattery,yes,3,1,2,4,0.75,κολακία G28500 ×1; חֶלְקָה H2513b ×1; εὐλογία G21290 ×1,1TH:1 ISA:1 ROM:1,0,0,0,0,in list,
gracious gift,yes,3,0,3,,,χάρισμα G54860 ×3,ROM:2 2CO:1,0,0,0,0,in list,
hunger,yes,3,2,1,20,0.15,רָעָב H7458 ×2; λιμός G30420 ×1,DEU:1 ISA:1 ROM:1,0,0,0,0,in list,
idolatry,yes,3,0,3,4,0.75,εἰδωλολατρία G14950 ×3,1CO:1 1PE:1 COL:1,0,0,0,0,in list,
imprisonment,yes,3,2,1,14,0.21,כֶּלֶא H3608 ×1; φυλακή G54380 ×1; אֱסוּר H0613 ×1,1KI:1 2CO:1 EZR:1,0,0,0,0,in list,
justification,yes,3,0,3,3,1.00,δικαίωσις G13470 ×2; δικαίωμα G13450 ×1,ROM:3,0,0,0,0,in list,
laughter,yes,3,3,0,15,0.20,שְׂחוֹק H7814 ×2; מִשְׂחַק H4890 ×1,ECC:1 HAB:1 PRO:1,0,0,0,0,in list,
meekness,yes,3,0,3,3,1.00,πραΰτης G42400 ×3,1PE:1 2CO:1 2TI:1,0,0,0,0,in list,
offense,yes,3,1,2,7,0.43,ἀπρόσκοπος G06770 ×1; חַטָּאָה H2403b ×1; σκάνδαλον G46250 ×1,1CO:1 PSA:1 ROM:1,0,0,0,0,in list,
opposition,yes,3,1,2,4,0.75,ἀντίθεσις G04770 ×1; ἀντιλογία G04850 ×1; תְּנוּאָה H8569 ×1,1TI:1 HEB:1 NUM:1,0,0,0,0,in list,
penalty,yes,3,0,3,3,1.00,δίκη G13490 ×2; ἀντιμισθία G04890 ×1,2TH:2 ROM:1,0,0,0,0,in list,
perversion,yes,3,2,1,4,0.75,תֶּבֶל H8397 ×2; πλάνη G41060 ×1,LEV:2 ROM:1,0,0,0,0,in list,
proclamation,yes,3,1,2,5,0.60,κήρυγμα G27820 ×2; כְּרַז H3745 ×1,1CO:1 2TI:1 DAN:1,1,0,0,0,in list,
provocation,yes,3,2,1,9,0.33,כַּעַס H3708a ×1; παραπικρασμός G38940 ×1; מָרָה H4784 ×1,DEU:1 HEB:1 JOB:1,0,0,0,0,in list,
removal,yes,3,0,3,3,1.00,ἀπόθεσις G05950 ×1; ἀπέκδυσις G05550 ×1; μετάθεσις G33310 ×1,1PE:1 COL:1 HEB:1,0,0,0,0,in list,
repayment,yes,3,1,2,4,0.75,ἀμοιβή G02870 ×1; ἀποδίδωμι G05910 ×1; גְּמוּל H1576 ×1,1TI:1 MAT:1 PSA:1,0,0,0,0,in list,
retribution,yes,3,2,1,3,1.00,שִׁלּוּם H7966 ×2; ἀνταπόδομα G04680 ×1,HOS:1 ISA:1 ROM:1,0,0,0,0,in list,
rigor,yes,3,3,0,2,1.00,פֶּרֶךְ H6531 ×3,EXO:3,0,0,0,0,in list,
submission,yes,3,0,3,4,0.75,ὑποταγή G52920 ×3,1TI:2 GAL:1,0,0,0,0,in list,
sufficiency,yes,3,1,2,7,0.43,ἱκανότης G24260 ×1; αὐτάρκεια G08410 ×1; דַּי H1767 ×1,2CO:2 MAL:1,0,0,0,0,in list,
vanity,yes,3,3,0,6,0.50,רִיק H7385 ×1; שָׁוְא H7723 ×1; הֶבֶל H1892 ×1,ISA:1 JOB:1 ZEC:1,1,0,0,0,in list,
variety,yes,3,0,3,3,1.00,διαίρεσις G12430 ×3,1CO:3,0,0,0,0,in list,
access,yes,2,1,1,4,0.50,προσαγωγή G43180 ×1; מַהְלֵךְ H4108 ×1,ROM:1 ZEC:1,1,0,0,0,in list,
affection,yes,2,0,2,5,0.40,σπλάγχνον G46980 ×2,2CO:2,0,0,0,0,in list,
apostleship,yes,2,0,2,4,0.50,ἀποστολή G06510 ×2,1CO:1 ROM:1,0,0,0,0,in list,
beginning,yes,2,1,1,104,0.02,רֵאשִׁית H7225 ×1; ἀρχή G07460 ×1,GEN:1 MRK:1,0,0,0,0,in list,
celebration,yes,2,1,1,4,0.50,שִׂמְחָה H8057 ×1; κῶμος G29700 ×1,JDG:1 ROM:1,0,0,0,0,in list,
character,yes,2,0,2,2,1.00,δοκιμή G13820 ×2,ROM:2,0,0,0,0,in list,
childhood,yes,2,0,2,2,1.00,βρέφος G10250 ×1; παιδιόθεν G38120 ×1,2TI:1 MRK:1,0,0,0,0,in list,
citizenship,yes,2,0,2,2,1.00,πολιτεία G41740 ×1; πολίτευμα G41750 ×1,ACT:1 PHP:1,0,0,0,0,in list,
completion,yes,2,0,2,11,0.18,ἐπιτελέω G20050 ×1; τέλος G50560 ×1,2CO:1 ROM:1,0,0,0,0,in list,
conscience,yes,2,0,2,28,0.07,συνείδησις G48930 ×2,2CO:1 ROM:1,0,0,0,0,in list,
consciousness,yes,2,0,2,2,1.00,συνείδησις G48930 ×2,1PE:1 HEB:1,0,0,0,0,in list,
danger,yes,2,0,2,13,0.15,κινδυνεύω G27930 ×1; κίνδυνος G27940 ×1,1CO:1 2CO:1,0,0,0,0,in list,
defense,yes,2,0,2,17,0.12,ἀπολογία G06270 ×2,1CO:1 1PE:1,0,0,0,0,in list,
demonstration,yes,2,0,2,3,0.67,ἀπόδειξις G05850 ×1; ἔνδειξις G17320 ×1,1CO:1 ROM:1,0,0,0,0,in list,
direction,yes,2,1,1,7,0.29,διατάσσω G12990 ×1; תַּחְבֻּלָה H8458 ×1,1CO:1 PRO:1,0,0,0,0,in list,
distinction,yes,2,0,2,3,0.67,διαστολή G12930 ×2,ROM:2,0,0,0,0,in list,
doctrine,yes,2,0,2,3,0.67,διδασκαλία G13190 ×2,MAT:1 MRK:1,0,0,0,0,in list,
enjoyment,yes,2,0,2,3,0.67,ἀπόλαυσις G06190 ×2,1TI:1 HEB:1,0,0,0,0,in list,
equality,yes,2,0,2,2,1.00,ἰσότης G24710 ×2,2CO:2,0,0,0,0,in list,
exaltation,yes,2,2,0,3,0.67,רֹמֵמֻת H7427 ×1; רוֹמְמָה H7319 ×1,ISA:1 PSA:1,0,0,0,0,in list,
example,yes,2,0,2,17,0.12,τύπος G51790 ×2,1TH:1 2TH:1,0,0,0,0,in list,
favoritism,yes,2,0,2,5,0.40,προσωπολημψία G43820 ×2,COL:1 ROM:1,0,0,0,0,in list,
filling,yes,2,0,2,16,0.12,πλήρωμα G41380 ×2,MRK:2,0,0,0,0,in list,
forbearance,yes,2,0,2,2,1.00,ἀνοχή G04630 ×2,ROM:2,0,0,0,0,in list,
force,yes,2,1,1,29,0.07,ἁρπάζω G07260 ×1; תַּעֲצֻמָה H8592 ×1,MAT:1 PSA:1,0,0,0,0,in list,
foreknowledge,yes,2,0,2,2,1.00,πρόγνωσις G42680 ×2,1PE:1 ACT:1,0,0,0,0,in list,
full awareness,yes,2,0,2,,,ἐπίγνωσις G19220 ×2,ROM:2,0,0,0,0,in list,
genuineness,yes,2,0,2,2,1.00,δοκίμιον G13830 ×1; γνήσιος G11030 ×1,1PE:1 2CO:1,0,0,0,0,in list,
gloom,yes,2,2,0,23,0.09,מָעוּף H4588 ×1; אֹפֶל H0652 ×1,ISA:2,0,0,0,0,in list,
godlessness,yes,2,1,1,2,1.00,חֹנֶף H2612 ×1; ἀσέβεια G07630 ×1,ISA:1 TIT:1,0,0,0,0,in list,
greed,yes,2,0,2,5,0.40,πλεονεξία G41240 ×1; ἁρπαγή G07240 ×1,1TH:1 MAT:1,0,0,0,0,in list,
hardness,yes,2,0,2,6,0.33,πώρωσις G44570 ×1; σκληροκαρδία G46410 ×1,MRK:2,0,0,0,0,in list,
haste,yes,2,1,1,11,0.18,מְהֵרָה H4120 ×1; τάχος G50340 ×1,2SA:1 ROM:1,0,0,0,0,in list,
hindrance,yes,2,0,2,4,0.50,ἐνκοπή G14640 ×1; ἀκωλύτως G02090 ×1,1CO:1 ACT:1,0,0,0,0,in list,
ignorance,yes,2,0,2,5,0.40,ἄγνοια G00520 ×1; ἀγνωσία G00560 ×1,1PE:2,0,0,0,0,in list,
intention,yes,2,1,1,5,0.40,ἔννοια G17710 ×1; מְזִמָּה H4209 ×1,HEB:1 JER:1,1,0,1,0,in list,
kingship,yes,2,1,1,9,0.22,מְלוּכָה H4410 ×1; βασιλεία G09320 ×1,1SA:1 LUK:1,0,0,0,0,in list,
light,yes,2,1,1,247,0.01,φῶς G54570 ×1; נְהִיר H5094b ×1,2CO:1 DAN:1,1,0,0,0,in list,
longing,yes,2,1,1,17,0.12,ἐπιπόθησις G19720 ×1; תַּאֲבָה H8375 ×1,2CO:1 PSA:1,0,0,0,0,in list,
malice,yes,2,0,2,2,1.00,κακία G25490 ×2,EPH:1 ROM:1,0,0,0,0,in list,
marriage,yes,2,0,2,11,0.18,γαμίζω G10610 ×2,MAT:2,0,0,0,0,in list,
measure,yes,2,0,2,44,0.05,μέτρον G33580 ×2,MAT:1 MRK:1,0,0,0,0,in list,
mind,yes,2,0,2,52,0.04,νοῦς G35630 ×2,1CO:1 COL:1,0,0,0,0,in list,
mindset,yes,2,0,2,4,0.50,φρόνημα G54270 ×2,ROM:2,0,0,0,0,in list,
mockery,yes,2,2,0,8,0.25,לָצוֹן H3944 ×2,ISA:1 PRO:1,0,0,0,0,in list,
murder,yes,2,0,2,19,0.11,φόνος G54080 ×2,MRK:1 ROM:1,0,0,0,0,in list,
obligation,yes,2,0,2,3,0.67,ὀφείλημα G37830 ×1; ὀφειλή G37820 ×1,ROM:2,0,0,0,0,in list,
offering,yes,2,1,1,991,0.00,קׇרְבָּן H7133a ×1; προσφορά G43760 ×1,NUM:1 ROM:1,0,0,0,0,in list,
outcome,yes,2,0,2,4,0.50,τέλος G50560 ×2,ROM:2,0,0,0,0,in list,
perseverance,yes,2,0,2,2,1.00,προσκαρτέρησις G43430 ×1; ὑπομονή G52810 ×1,EPH:1 TIT:1,0,0,0,0,in list,
pleasantness,yes,2,2,0,5,0.40,נַעֲמָן H5282 ×1; נָעִים H5273a ×1,ISA:1 JOB:1,0,0,0,0,in list,
plunder,yes,2,2,0,96,0.02,בַּז H0957 ×1; בֶּצַע H1215 ×1,JER:1 MIC:1,2,0,0,0,in list,
pollution,yes,2,1,1,2,1.00,ἀλίσγημα G02340 ×1; חֲנֻפָה H2613 ×1,ACT:1 JER:1,1,0,1,0,in list,
practice,yes,2,0,2,18,0.11,πρᾶξις G42340 ×2,COL:1 ROM:1,0,0,0,0,in list,
preaching,yes,2,0,2,15,0.13,κήρυγμα G27820 ×2,1CO:1 ROM:1,0,0,0,0,in list,
propitiation,yes,2,0,2,3,0.67,ἱλασμός G24340 ×1; ἱλαστήριον G24350 ×1,1JN:1 ROM:1,0,0,0,0,in list,
purification,yes,2,1,1,12,0.17,ἁγνισμός G00490 ×1; טׇהֳרָה H2893 ×1,ACT:1 NUM:1,0,0,0,0,in list,
purity,yes,2,0,2,5,0.40,ἁγνία G00470 ×1; ἁγνότης G00540 ×1,1TI:1 2CO:1,0,0,0,0,in list,
quality,yes,2,0,2,2,1.00,ἀμετάθετος G02760 ×1; ἀόρατος G05170 ×1,HEB:1 ROM:1,0,0,0,0,in list,
recklessness,yes,2,1,1,3,0.67,ἀσωτία G08100 ×1; פַּחֲזוּת H6350 ×1,EPH:1 JER:1,1,0,1,0,in list,
refreshment,yes,2,1,1,2,1.00,ἀνάψυξις G04030 ×1; שִׁקּוּי H8250 ×1,ACT:1 PRO:1,0,0,0,0,in list,
religion,yes,2,0,2,5,0.40,δεισιδαιμονία G11750 ×1; ἐθελοθρησκεία G14790 ×1,ACT:1 COL:1,0,0,0,0,in list,
restoration,yes,2,1,1,14,0.14,ἀποκατάστασις G06050 ×1; שְׁבוּת H7622 ×1,ACT:1 JER:1,1,0,0,0,in list,
reverence,yes,2,1,1,2,1.00,εὐλάβεια G21240 ×1,2CH:1 HEB:1,0,0,0,0,in list,
riche,yes,2,1,1,40,0.05,עֹשֶׁר H6239 ×1; πλοῦτος G41490 ×1,JER:1 ROM:1,1,0,0,0,in list,
secret,yes,2,1,1,46,0.04,סֵתֶר H5643a ×1; κρυπτός G29270 ×1,2SA:1 ROM:1,0,0,0,0,in list,
severity,yes,2,0,2,3,0.67,ἀφειδία G08570 ×1; ἀποτομία G06630 ×1,COL:1 ROM:1,0,0,0,0,in list,
skill,yes,2,2,0,11,0.18,כִּשְׁרוֹן H3788 ×1; חׇכְמָה H2451 ×1,ECC:1 EXO:1,0,0,0,0,in list,
struggle,yes,2,0,2,7,0.29,ἀγών G00730 ×2,COL:1 PHP:1,0,0,0,0,in list,
thank,yes,2,0,2,132,0.02,εὐχαριστία G21690 ×2,REV:2,0,0,0,0,in list,
thankfulness,yes,2,0,2,2,1.00,εὐχαριστία G21690 ×1; χάρις G54850 ×1,ACT:1 COL:1,0,0,0,0,in list,
trial,yes,2,1,1,14,0.14,πειρασμός G39860 ×1; בֹּחַן H0976 ×1,GAL:1 ISA:1,0,0,0,0,in list,
trickery,yes,2,0,2,2,1.00,ῥᾳδιουργία G44680 ×1; κυβία G29400 ×1,ACT:1 EPH:1,0,0,0,0,in list,
ungodliness,yes,2,0,2,4,0.50,ἀσέβεια G07630 ×2,2TI:1 ROM:1,0,0,0,0,in list,
unity,yes,2,0,2,3,0.67,ἑνότης G17750 ×2,EPH:2,0,0,0,0,in list,
value,yes,2,0,2,12,0.17,τιμή G50920 ×1; ὑπερέχω G52420 ×1,COL:1 PHP:1,0,0,0,0,in list,
warfare,yes,2,1,1,3,0.67,מִלְחָמָה H4421 ×1; στρατεία G47520 ×1,1KI:1 2CO:1,0,0,0,0,in list,
witness,yes,2,0,2,123,0.02,μάρτυς G31440 ×2,1PE:1 ROM:1,0,0,0,0,in list,
working,yes,2,0,2,52,0.04,ἐνέργημα G17550 ×1; ἐνέργεια G17530 ×1,1CO:1 COL:1,0,0,0,0,in list,
worry,yes,2,0,2,10,0.20,μέριμνα G33080 ×2,MAT:1 MRK:1,0,0,0,0,in list,
abstinence,yes,1,0,1,1,1.00,ἀσιτία G07760 ×1,ACT:1,0,0,0,0,in list,
action,yes,1,0,1,14,0.07,πρᾶξις G42340 ×1,MAT:1,0,0,0,0,in list,
administration,yes,1,0,1,3,0.33,κυβέρνησις G29410 ×1,1CO:1,0,0,0,0,in list,
admonition,yes,1,0,1,1,1.00,νουθεσία G35590 ×1,1CO:1,0,0,0,0,in list,
advantage,yes,1,0,1,19,0.05,περισσός G40530 ×1,ROM:1,0,0,0,0,in list,
ambition,yes,1,0,1,6,0.17,ἐριθεία G20520 ×1,ROM:1,0,0,0,0,in list,
ambush,yes,1,1,0,38,0.03,אָרַב H0693 ×1,EZR:1,0,0,0,0,in list,
annulment,yes,1,0,1,2,0.50,ἀθέτησις G01150 ×1,HEB:1,0,0,0,0,in list,
appeal,yes,1,0,1,8,0.12,ἐπερώτημα G19060 ×1,1PE:1,0,0,0,0,in list,
argument,yes,1,0,1,7,0.14,διαλογισμός G12610 ×1,1TI:1,0,0,0,0,in list,
attention,yes,1,0,1,42,0.02,προσέχω G43370 ×1,HEB:1,0,0,0,0,in list,
attitude,yes,1,0,1,2,0.50,φρονέω G54260 ×1,PHP:1,0,0,0,0,in list,
awe,yes,1,0,1,3,0.33,δέος G11895 ×1,HEB:1,0,0,0,0,in list,
banishment,yes,1,1,0,1,1.00,שְׁרֹשׁוּ H8332 ×1,EZR:1,0,0,0,0,in list,
being,yes,1,0,1,1000,0.00,εἰμί G15100 ×1,HEB:1,0,0,0,0,in list,
benefaction,yes,1,0,1,1,1.00,εὐεργεσία G21080 ×1,1TI:1,0,0,0,0,in list,
blackness,yes,1,1,0,1,1.00,כִּמְרִיר H3650 ×1,JOB:1,0,0,0,0,in list,
blessedness,yes,1,0,1,2,0.50,μακαρισμός G31080 ×1,ROM:1,0,0,0,0,in list,
boast,yes,1,0,1,64,0.02,καύχημα G27450 ×1,1CO:1,0,0,0,0,in list,
bondage,yes,1,1,0,3,0.33,עֲבֹדָה H5656 ×1,NEH:1,0,0,0,0,in list,
brotherly love,yes,1,0,1,,,φιλαδελφία G53600 ×1,ROM:1,0,0,0,0,in list,
calling,yes,1,0,1,73,0.01,κλῆσις G28210 ×1,ROM:1,0,0,0,0,in list,
cheerfulness,yes,1,0,1,1,1.00,ἱλαρότης G24320 ×1,ROM:1,0,0,0,0,in list,
cleverness,yes,1,0,1,1,1.00,πανουργία G38340 ×1,EPH:1,0,0,0,0,in list,
conception,yes,1,0,1,3,0.33,καταβολή G26020 ×1,HEB:1,0,0,0,0,in list,
concession,yes,1,0,1,1,1.00,συνγνώμη G47740 ×1,1CO:1,0,0,0,0,in list,
confirmation,yes,1,0,1,2,0.50,βεβαίωσις G09510 ×1,HEB:1,0,0,0,0,in list,
confiscation,yes,1,1,0,1,1.00,עֲנַשׁ H6065 ×1,EZR:1,0,0,0,0,in list,
conflict,yes,1,0,1,3,0.33,μάχη G31630 ×1,2CO:1,0,0,0,0,in list,
contentment,yes,1,0,1,1,1.00,αὐτάρκεια G08410 ×1,1TI:1,0,0,0,0,in list,
controversy,yes,1,0,1,4,0.25,ζήτησις G22140 ×1,1TI:1,0,0,0,0,in list,
conversion,yes,1,0,1,1,1.00,ἐπιστροφή G19950 ×1,ACT:1,0,0,0,0,in list,
corruption,yes,1,1,0,3,0.33,חָבַל H2254b ×1,NEH:1,0,0,0,0,in list,
craftsmanship,yes,1,1,0,4,0.25,מְלָאכָה H4399 ×1,EXO:1,0,0,0,0,in list,
custody,yes,1,0,1,8,0.12,τήρησις G50840 ×1,ACT:1,0,0,0,0,in list,
custom,yes,1,0,1,41,0.02,συνήθεια G49140 ×1,1CO:1,0,0,0,0,in list,
deadness,yes,1,0,1,1,1.00,νέκρωσις G35000 ×1,ROM:1,0,0,0,0,in list,
debauchery,yes,1,0,1,1,1.00,ἀσέλγεια G07660 ×1,2CO:1,0,0,0,0,in list,
defilement,yes,1,0,1,4,0.25,μολυσμός G34360 ×1,2CO:1,0,0,0,0,in list,
despair,yes,1,1,0,5,0.20,מַסָּה H4531a ×1,JOB:1,0,0,0,0,in list,
difficulty,yes,1,1,0,6,0.17,גָּדוֹל H1419a ×1,NEH:1,0,0,0,0,in list,
display,yes,1,0,1,5,0.20,φανέρωσις G53210 ×1,1CO:1,0,0,0,0,in list,
distraction,yes,1,0,1,1,1.00,ἀπερισπάστως G05630 ×1,1CO:1,0,0,0,0,in list,
double,yes,1,1,0,31,0.03,מִשְׁנֶה H4932 ×1,JOB:1,0,0,0,0,in list,
drinking,yes,1,1,0,43,0.02,שְׁתִיָּה H8360 ×1,EST:1,0,0,0,0,in list,
error,yes,1,1,0,9,0.11,תּוֹעָה H8442 ×1,ISA:1,0,0,0,0,in list,
eternal,yes,1,0,1,86,0.01,αἰώνιος G01660 ×1,2TH:1,0,0,0,0,in list,
eternal destruction,yes,1,0,1,,,ὄλεθρος G36390 ×1,2TH:1,0,0,0,0,in list,
evil intent,yes,1,0,1,,,κακοήθεια G25500 ×1,ROM:1,0,0,0,0,in list,
exhortation,yes,1,0,1,5,0.20,παράκλησις G38740 ×1,HEB:1,0,0,0,0,in list,
faithful kindness,yes,1,1,0,,,חֶסֶד H2617a ×1,NEH:1,0,0,0,0,in list,
flight,yes,1,0,1,4,0.25,φυγή G54370 ×1,MAT:1,0,0,0,0,in list,
forethought,yes,1,0,1,1,1.00,πρόνοια G43070 ×1,ROM:1,0,0,0,0,in list,
forgetfulness,yes,1,1,0,3,0.33,נְשִׁיָּה H5388 ×1,PSA:1,0,0,0,0,in list,
fulfillment,yes,1,0,1,3,0.33,πλήρωμα G41380 ×1,ROM:1,0,0,0,0,in list,
full assurance,yes,1,0,1,,,πληροφορία G41360 ×1,COL:1,0,0,0,0,in list,
full knowledge,yes,1,0,1,,,ἐπίγνωσις G19220 ×1,ROM:1,0,0,0,0,in list,
function,yes,1,0,1,1,1.00,πρᾶξις G42340 ×1,ROM:1,0,0,0,0,in list,
goal,yes,1,0,1,2,0.50,σκοπός G46490 ×1,PHP:1,0,0,0,0,in list,
good conscience,yes,1,0,1,,,συνείδησις G48930 ×1,1PE:1,0,0,0,0,in list,
good pleasure,yes,1,0,1,,,εὐδοκία G21070 ×1,ROM:1,0,0,0,0,in list,
greenness,yes,1,1,0,2,0.50,אֵב H0003 ×1,JOB:1,0,0,0,0,in list,
growth,yes,1,0,1,6,0.17,αὐξάνω G08370 ×1,1CO:1,0,0,0,0,in list,
habit,yes,1,0,1,4,0.25,ἔθος G14850 ×1,HEB:1,0,0,0,0,in list,
harmony,yes,1,0,1,1,1.00,συμφώνησις G48570 ×1,2CO:1,0,0,0,0,in list,
health,yes,1,0,1,5,0.20,ὑγιής G51990 ×1,MAT:1,0,0,0,0,in list,
hearing,yes,1,1,0,120,0.01,שֵׁמַע H8088a ×1,PSA:1,0,0,0,0,in list,
honesty,yes,1,0,1,2,0.50,ἁπλότης G05720 ×1,EPH:1,0,0,0,0,in list,
hospitality,yes,1,0,1,3,0.33,φιλοξενία G53810 ×1,ROM:1,0,0,0,0,in list,
illumination,yes,1,0,1,1,1.00,φωτισμός G54620 ×1,2CO:1,0,0,0,0,in list,
incorruption,yes,1,0,1,1,1.00,ἀφθορία G08627 ×1,TIT:1,0,0,0,0,in list,
indecency,yes,1,0,1,1,1.00,ἀσχημοσύνη G08080 ×1,REV:1,0,0,0,0,in list,
indulgence,yes,1,0,1,1,1.00,πλησμονή G41400 ×1,COL:1,0,0,0,0,in list,
initiative,yes,1,1,0,2,0.50,תּוּשִׁיָּה H8454 ×1,JOB:1,0,0,0,0,in list,
insurrection,yes,1,0,1,1,1.00,στάσις G47140 ×1,MRK:1,0,0,0,0,in list,
introduction,yes,1,0,1,1,1.00,ἐπεισαγωγή G18980 ×1,HEB:1,0,0,0,0,in list,
investigation,yes,1,1,0,2,0.50,חֵקֶר H2714 ×1,JOB:1,0,0,0,0,in list,
manifestation,yes,1,0,1,2,0.50,φανέρωσις G53210 ×1,2CO:1,0,0,0,0,in list,
manner,yes,1,0,1,31,0.03,ἀναστροφή G03910 ×1,GAL:1,0,0,0,0,in list,
maturity,yes,1,0,1,3,0.33,τελειότης G50470 ×1,HEB:1,0,0,0,0,in list,
meaning,yes,1,0,1,2,0.50,δύναμις G14110 ×1,1CO:1,0,0,0,0,in list,
modesty,yes,1,0,1,1,1.00,αἰδώς G01270 ×1,1TI:1,0,0,0,0,in list,
newness,yes,1,0,1,2,0.50,καινότης G25380 ×1,ROM:1,0,0,0,0,in list,
observance,yes,1,0,1,1,1.00,τήρησις G50840 ×1,1CO:1,0,0,0,0,in list,
obstacle,yes,1,0,1,9,0.11,,ROM:1,0,0,0,0,in list,
oldness,yes,1,0,1,1,1.00,παλαιότης G38210 ×1,ROM:1,0,0,0,0,in list,
openness,yes,1,0,1,2,0.50,παρρησία G39540 ×1,MRK:1,0,0,0,0,in list,
opinion,yes,1,0,1,4,0.25,γνώμη G11060 ×1,1CO:1,0,0,0,0,in list,
overseership,yes,1,0,1,2,0.50,ἐπισκοπή G19840 ×1,1TI:1,0,0,0,0,in list,
partiality,yes,1,0,1,1,1.00,πρόσκλισις G43460 ×1,1TI:1,0,0,0,0,in list,
partnership,yes,1,0,1,1,1.00,μετοχή G33520 ×1,2CO:1,0,0,0,0,in list,
pattern,yes,1,0,1,11,0.09,τύπος G51790 ×1,ROM:1,0,0,0,0,in list,
philosophy,yes,1,0,1,1,1.00,φιλοσοφία G53850 ×1,COL:1,0,0,0,0,in list,
prejudgment,yes,1,0,1,1,1.00,πρόκριμα G42990 ×1,1TI:1,0,0,0,0,in list,
presentation,yes,1,0,1,1,1.00,πρόθεσις G42860 ×1,HEB:1,0,0,0,0,in list,
preservation,yes,1,0,1,9,0.11,περιποίησις G40470 ×1,HEB:1,0,0,0,0,in list,
pretext,yes,1,0,1,6,0.17,πρόφασις G43920 ×1,1TH:1,0,0,0,0,in list,
produce,yes,1,1,0,78,0.01,תְּבוּאָה H8393 ×1,NEH:1,0,0,0,0,in list,
progress,yes,1,0,1,2,0.50,προκοπή G42970 ×1,1TI:1,0,0,0,0,in list,
quickness,yes,1,0,1,1,1.00,τάχος G50340 ×1,1TI:1,0,0,0,0,in list,
reason,yes,1,0,1,79,0.01,καύχημα G27450 ×1,GAL:1,0,0,0,0,in list,
reasoning,yes,1,0,1,18,0.06,διαλογισμός G12610 ×1,1CO:1,0,0,0,0,in list,
recommendation,yes,1,0,1,1,1.00,συστατικός G49560 ×1,2CO:1,0,0,0,0,in list,
regret,yes,1,0,1,5,0.20,ἀμεταμέλητος G02780 ×1,2CO:1,0,0,0,0,in list,
rejection,yes,1,0,1,1,1.00,ἀποβολή G05800 ×1,ROM:1,0,0,0,0,in list,
release,yes,1,0,1,32,0.03,ἀπολύτρωσις G06290 ×1,HEB:1,0,0,0,0,in list,
reminder,yes,1,0,1,7,0.14,ἀνάμνησις G03640 ×1,HEB:1,0,0,0,0,in list,
renewal,yes,1,0,1,3,0.33,ἀνακαίνωσις G03420 ×1,ROM:1,0,0,0,0,in list,
repetition,yes,1,0,1,2,0.50,βατταλογέω G09450 ×1,MAT:1,0,0,0,0,in list,
representation,yes,1,0,1,1,1.00,χαρακτήρ G54810 ×1,HEB:1,0,0,0,0,in list,
resentment,yes,1,1,0,1,1.00,קִנְאָה H7068 ×1,JOB:1,0,0,0,0,in list,
scheming,yes,1,0,1,2,0.50,μεθοδία G31800 ×1,EPH:1,0,0,0,0,in list,
serving,yes,1,1,0,66,0.02,שָׁקָה H8248 ×1,EST:1,0,0,0,0,in list,
servitude,yes,1,1,0,1,1.00,עַבְדוּת H5659 ×1,NEH:1,0,0,0,0,in list,
situation,yes,1,0,1,9,0.11,ὑπόστασις G52870 ×1,2CO:1,0,0,0,0,in list,
slander,yes,1,0,1,13,0.08,καταλαλιά G26360 ×1,1PE:1,0,0,0,0,in list,
source,yes,1,0,1,4,0.25,αἴτιος G01590 ×1,HEB:1,0,0,0,0,in list,
steadfastness,yes,1,0,1,1,1.00,ὑπομονή G52810 ×1; λόγος G30560 ×1,REV:1,0,0,0,0,in list,
strictness,yes,1,0,1,1,1.00,ἀκρίβεια G01950 ×1,ACT:1,0,0,0,0,in list,
support,yes,1,1,0,24,0.04,אֲמָנָה H0548 ×1,NEH:1,0,0,0,0,in list,
triumph,yes,1,1,0,5,0.20,רִנָּה H7440 ×1,PSA:1,0,0,0,0,in list,
uncertainty,yes,1,0,1,1,1.00,ἀδηλότης G00830 ×1,1TI:1,0,0,0,0,in list,
visibility,yes,1,0,1,2,0.50,φανερός G53180 ×1,MRK:1,0,0,0,0,in list,
wicked,yes,1,0,1,293,0.00,πονηρός G41900 ×1,ROM:1,0,0,0,0,in list,
worship,yes,1,0,1,59,0.02,λατρεία G29990 ×1,HEB:1,0,0,0,0,in list,
command,no,7,0,7,162,0.04,ἐπιταγή G20030 ×4; ἐντολή G17850 ×1; ἔνταλμα G17780 ×1,1CO:3 ROM:2 1TI:1 COL:1,0,0,0,0,rare,
bloodshed,no,4,4,0,19,0.21,דָּם H1818 ×4,PSA:2 HAB:1 HOS:1,0,0,0,0,rare,
business,no,4,4,0,15,0.27,עִנְיָן H6045 ×3; מְלָאכָה H4399 ×1,ECC:3 DAN:1,1,0,0,0,rare,
continuity,no,4,4,0,18,0.22,תָּמִיד H8548 ×4,NUM:4,0,0,0,0,rare,
dryness,no,4,4,0,11,0.36,חֹרֶב H2721a ×2; עֲיָם H5868b ×1; צִיָּה H6723 ×1,JDG:2 ISA:1 JOL:1,0,0,0,0,rare,
fatness,no,4,4,0,16,0.25,דֶּשֶׁן H1880 ×3; דֶּשֶׁן H1880 ×1,ISA:1 JDG:1 JER:1 PSA:1,1,0,0,0,rare,
foreignness,no,4,4,0,6,0.67,נֵכָר H5236 ×4,ISA:2 PSA:2,0,0,0,0,rare,
groaning,no,4,4,0,26,0.15,אֲנָחָה H0585 ×2; אֲנִיָּה H0592 ×1; אֲנָקָה H0603 ×1,PSA:2 JER:1 LAM:1,1,0,0,0,rare,
hissing,no,4,4,0,8,0.50,שְׁרֵקָה H8322 ×4,JER:4,4,1,0,0,rare,
lie,no,4,2,2,200,0.02,שֶׁקֶר H8267 ×1; כָּזָב H3577 ×1; ψεῦδος G55790 ×1,ROM:2 HAB:1 HOS:1,0,0,0,0,rare,
scheme,no,4,4,0,16,0.25,מְזִמָּה H4209 ×2; חִשָּׁבוֹן H2810 ×1; מוֹעֵצָה H4156 ×1,PSA:3 ECC:1,0,0,0,0,rare,
scorn,no,4,4,0,8,0.50,לַעַג H3933 ×4,PSA:3 HOS:1,0,0,0,0,rare,
servant,no,4,0,4,995,0.00,διάκονος G12490 ×3; λειτουργός G30110 ×1,ROM:4,0,0,0,0,rare,
war,no,4,4,0,181,0.02,מִלְחָמָה H4421 ×4,DEU:1 ECC:1 JER:1 PSA:1,1,0,1,0,rare,
wrong,no,4,4,0,29,0.14,שֶׁקֶר H8267 ×1; רַע H7451c ×1; עַוָּתָה H5792 ×1,2SA:1 JDG:1 LAM:1 PSA:1,0,0,0,0,rare,
antiquity,no,3,3,0,18,0.17,קֶדֶם H6924a ×2; קָדוּם H6917 ×1,ISA:1 JDG:1 PSA:1,0,0,0,0,rare,
anxiety,no,3,3,0,8,0.38,דְּאָגָה H1674 ×1; מְהוּמָה H4103 ×1; חֲרָדָה H2731 ×1,PRO:2 EZK:1,1,0,0,0,rare,
breaking,no,3,3,0,54,0.06,שֶׁבֶר H7667 ×3,ISA:2 JER:1,1,1,0,0,rare,
covenant loyalty,no,3,3,0,,,חֶסֶד H2617a ×3,2CH:2 PSA:1,0,0,0,0,rare,
departure,no,3,3,0,11,0.27,מַסַּע H4550 ×3,NUM:3,0,0,0,0,rare,
derision,no,3,3,0,7,0.43,קֶלֶס H7047 ×3,PSA:2 JER:1,1,0,0,0,rare,
divination,no,3,3,0,18,0.17,קֶסֶם H7081 ×3,JER:1 NUM:1 PRO:1,1,0,0,0,rare,
doing,no,3,3,0,279,0.01,עָשָׂה H6213a ×1; מַעֲשֶׂה H4639 ×1; עֲלִילָה H5949 ×1,PSA:2 EZK:1,1,0,0,0,rare,
elect,no,3,0,3,13,0.23,ἐκλεκτός G15880 ×2; ἐκλογή G15890 ×1,ROM:2 1PE:1,0,0,0,0,rare,
guidance,no,3,3,0,3,1.00,תַּחְבֻּלָה H8458 ×3,PRO:3,0,0,0,0,rare,
healing,no,3,3,0,42,0.07,מַרְפֵּא H4832 ×1; תְּעָלָה H8585b ×1; אֲרוּכָה H0724 ×1,JER:3,3,2,0,0,rare,
height,no,3,3,0,130,0.02,גֹּבַהּ H1363 ×1; מִשְׂגָּב H4869a ×1; רוּם H7312 ×1,EZK:1 ISA:1 PRO:1,1,0,0,0,rare,
lament,no,3,3,0,26,0.12,שִׂיחַ H7879 ×2; קִינָה H7015 ×1,EZK:1 PRO:1 PSA:1,1,0,0,0,rare,
lamentation,no,3,3,0,18,0.17,קִינָה H7015 ×1; אֲנִיָּה H0592 ×1; מִסְפֵּד H4553 ×1,AMO:1 ISA:1 MIC:1,2,0,0,0,rare,
madness,no,3,3,0,8,0.38,הוֹלֵלָה H1947 ×2; שִׁגָּעוֹן H7697 ×1,ECC:2 ZEC:1,1,0,0,0,rare,
memory,no,3,3,0,12,0.25,זִכְרוֹן H2146 ×2; זֵכֶר H2143 ×1,ECC:2 ISA:1,0,0,0,0,rare,
report,no,3,2,1,76,0.04,שֵׁמַע H8088b ×2; ἀκοή G01890 ×1,EXO:1 ISA:1 ROM:1,0,0,0,0,rare,
robbery,no,3,3,0,11,0.27,גָּזֵל H1498 ×2; גֵּזֶל H1499 ×1,ECC:1 LEV:1 PSA:1,0,0,0,0,rare,
satiety,no,3,3,0,4,0.75,שׇׂבְעָה H7654 ×3,ISA:2 HAG:1,0,0,0,0,rare,
secrecy,no,3,3,0,6,0.50,לָט H3909 ×2; סֵתֶר H5643a ×1,1SA:2 JDG:1,0,0,0,0,rare,
sound wisdom,no,3,3,0,,,תּוּשִׁיָּה H8454 ×2; תּוּשִׁיָּה H8454 ×1,PRO:2 MIC:1,1,0,0,0,rare,
speech,no,3,1,2,25,0.12,λόγος G30560 ×1; χρηστολογία G55420 ×1,2CO:1 JER:1 ROM:1,1,0,0,0,rare,
stability,no,3,3,0,4,0.75,אֶמֶת H0571 ×2; אֱמוּנָה H0530 ×1,ISA:2 2KI:1,0,0,0,0,rare,
thirst,no,3,3,0,32,0.09,צָמָא H6772 ×3,ISA:3,0,0,0,0,rare,
tumult,no,3,3,0,17,0.18,מְהוּמָה H4103 ×1; הָמוֹן H1995a ×1; שָׁאוֹן H7588 ×1,ISA:2 JER:1,1,0,0,0,rare,
uproar,no,3,3,0,12,0.25,שָׁאוֹן H7588 ×2; מְהוּמָה H4103 ×1,ISA:2 AMO:1,1,0,0,0,rare,
appointment,no,2,2,0,12,0.17,מוֹעֵד H4150 ×1; מוּעָדָה H4152 ×1,2SA:1 JOS:1,0,0,0,0,rare,
badness,no,2,2,0,4,0.50,רֹעַ H7455 ×2,JER:2,2,0,0,0,rare,
baldness,no,2,2,0,10,0.20,קׇרְחָה H7144 ×2,JER:1 MIC:1,2,0,0,0,rare,
battle,no,2,2,0,214,0.01,מִלְחָמָה H4421 ×2,NUM:1 OBA:1,0,0,0,0,rare,
brokenness,no,2,2,0,3,0.67,שֶׁבֶר H7667 ×2,JER:1 LAM:1,1,0,0,0,rare,
calm,no,2,0,2,5,0.40,γαλήνη G10550 ×2,MAT:1 MRK:1,0,0,0,0,rare,
cause,no,2,2,0,295,0.01,רִיב H7379 ×1; דִּין H1779 ×1,PSA:2,0,0,0,0,rare,
cessation,no,2,2,0,2,1.00,אֶפֶס H0657a ×1; שֶׁבֶת H7674 ×1,ISA:1 PRO:1,0,0,0,0,rare,
conspiracy,no,2,2,0,18,0.11,קֶשֶׁר H7195 ×2,2CH:1 JER:1,1,0,0,0,rare,
creator,no,2,2,0,7,0.29,בָּרָא H1254a ×2,ISA:2,0,0,0,0,rare,
cunning,no,2,2,0,9,0.22,שֶׂכֶל H7922 ×1; עׇרְמָה H6195 ×1,DAN:1 JOS:1,1,1,0,0,rare,
depravity,no,2,2,0,4,0.50,זִמָּה H2154 ×2,LEV:2,0,0,0,0,rare,
divorce,no,2,2,0,20,0.10,כְּרִיתוּת H3748 ×2,DEU:1 ISA:1,0,0,0,0,rare,
doom,no,2,2,0,2,1.00,,EZK:2,2,0,0,0,rare,
ease,no,2,2,0,14,0.14,שֶׁלֶו H7959 ×1; שָׁלֵו H7961 ×1,PSA:2,0,0,0,0,rare,
equity,no,2,2,0,3,0.67,צֶדֶק H6664 ×1; מֵישָׁר H4339 ×1,ECC:1 PSA:1,0,0,0,0,rare,
famine,no,2,2,0,106,0.02,רָעָב H7458 ×1; רְעָבוֹן H7459 ×1,JER:1 PSA:1,1,0,0,0,rare,
fasting,no,2,2,0,23,0.09,צוֹם H6685 ×2,PSA:2,0,0,0,0,rare,
fearsomeness,no,2,2,0,1,1.00,מוֹרָא H4172a ×1,DEU:1 JER:1,1,0,0,0,rare,
firmness,no,2,2,0,2,1.00,נִצְבָּה H5326 ×1; כּוּן H3559a ×1,DAN:1 PSA:1,1,0,0,0,rare,
fulness,no,2,2,0,4,0.50,תֹּם H8537 ×1; מְלֹא H4393 ×1,ISA:1 PSA:1,0,0,0,0,rare,
future,no,2,2,0,11,0.18,אַחֲרִית H0319 ×2,JER:1 PSA:1,1,0,0,0,rare,
harshness,no,2,2,0,4,0.50,פֶּרֶךְ H6531 ×2,LEV:2,0,0,0,0,rare,
hate,no,2,2,0,88,0.02,שִׂנְאָה H8135 ×2,ECC:2,0,0,0,0,rare,
hater,no,2,2,0,21,0.10,שָׂנֵא H8130 ×2,PSA:2,0,0,0,0,rare,
heir,no,2,0,2,24,0.08,συνκληρονόμος G47890 ×1; κληρονόμος G28180 ×1,1PE:1 ROM:1,0,0,0,0,rare,
hire,no,2,2,0,9,0.22,אֶתְנַן H0868 ×2,ISA:2,0,0,0,0,rare,
imagination,no,2,2,0,3,0.67,מַשְׂכִּית H4906 ×2,PRO:1 PSA:1,0,0,0,0,rare,
imitator,no,2,0,2,7,0.29,μιμητής G34020 ×2,1CO:1 EPH:1,0,0,0,0,rare,
injury,no,2,1,1,5,0.40,ὕβρις G51960 ×1; מאוּם H3971b ×1,ACT:1 PRO:1,0,0,0,0,rare,
innocence,no,2,2,0,8,0.25,נִקָּיוֹן H5356a ×2,HOS:1 PSA:1,0,0,0,0,rare,
insolence,no,2,2,0,2,1.00,מַדְהֵבָה H4062 ×1; מָנוֹן H4497 ×1,ISA:1 PRO:1,0,0,0,0,rare,
kingdom of god,no,2,0,2,,,θεός G23160 ×2,ACT:2,0,0,0,0,rare,
leanness,no,2,2,0,5,0.40,רָזוֹן H7332 ×1; רָזִי H7334 ×1,ISA:2,0,0,0,0,rare,
memorial,no,2,2,0,22,0.09,זִכְרוֹן H2146 ×2,NUM:2,0,0,0,0,rare,
nakedness,no,2,2,0,61,0.03,עֶרְוָה H6172 ×2,HOS:1 ISA:1,0,0,0,0,rare,
omen,no,2,2,0,2,1.00,נַחַשׁ H5173 ×2,NUM:2,0,0,0,0,rare,
outcry,no,2,2,0,18,0.11,צַעֲקָה H6818 ×1; זַעַק H2201 ×1,NEH:2,0,0,0,0,rare,
pity,no,2,2,0,33,0.06,חוּס H2347 ×1; חָמַל H2550 ×1,ISA:1 LAM:1,0,0,0,0,rare,
plea,no,2,2,0,14,0.14,תַּחֲנוּן H8469 ×1,JER:1 PSA:1,1,0,0,0,rare,
presumption,no,2,2,0,5,0.40,זָדוֹן H2087 ×2,1SA:1 PRO:1,0,0,0,0,rare,
presumptuousness,no,2,2,0,2,1.00,זָדוֹן H2087 ×2,PRO:2,0,0,0,0,rare,
raised offering,no,2,2,0,,,תְּנוּפָה H8573 ×2,NUM:2,0,0,0,0,rare,
restraint,no,2,2,0,5,0.40,חָשַׂךְ H2820 ×1; מָזִיחַ H4206a ×1,ISA:2,0,0,0,0,rare,
seeker,no,2,2,0,19,0.11,דָּרַשׁ H1875 ×2,PSA:2,0,0,0,0,rare,
sighing,no,2,2,0,6,0.33,אֲנָחָה H0585 ×1; הָגִיג H1901 ×1,ISA:1 PSA:1,0,0,0,0,rare,
silence,no,2,2,0,14,0.14,דּוּמִיָּה H1747 ×1; דְּמִי H1824 ×1,PSA:2,0,0,0,0,rare,
singing,no,2,2,0,17,0.12,רִנָּה H7440 ×2,ISA:2,0,0,0,0,rare,
sojourning,no,2,2,0,36,0.06,מָגוּר H4033 ×2,EZK:1 PSA:1,1,0,0,0,rare,
soundness,no,2,2,0,3,0.67,מְתֹם H4974 ×2,PSA:2,0,0,0,0,rare,
success,no,2,2,0,2,1.00,כִּשְׁרוֹן H3788 ×1; צָלַח H6743b ×1,ECC:1 PSA:1,0,0,0,0,rare,
suddenness,no,2,2,0,3,0.67,פֶּתַע H6621 ×2,NUM:2,0,0,0,0,rare,
survival,no,2,2,0,5,0.40,פְּלֵיטָה H6413 ×2,2KI:1 ISA:1,0,0,0,0,rare,
trampling,no,2,2,0,19,0.11,בָּשַׁס H1318 ×1; מְבוּסָה H4001 ×1,AMO:1 ISA:1,1,0,0,0,rare,
transgressor,no,2,0,2,12,0.17,παραβάτης G38480 ×2,GAL:1 ROM:1,0,0,0,0,rare,
treachery,no,2,2,0,6,0.33,בֶּגֶד H0899a ×1; מִרְמָה H4820 ×1,ISA:1 PSA:1,0,0,0,0,rare,
truthfulness,no,2,2,0,2,1.00,אֱמוּנָה H0530 ×2,PSA:2,0,0,0,0,rare,
vexation,no,2,2,0,5,0.40,כַּעַס H3707 ×1; כַּעַס H3708a ×1,ECC:1 PSA:1,0,0,0,0,rare,
vindication,no,2,2,0,5,0.40,צְדָקָה H6666 ×1; מִשְׁפָּט H4941 ×1,JOL:1 PSA:1,0,0,0,0,rare,
wage,no,2,2,0,54,0.04,שָׂכָר H7939 ×2,ECC:1 NUM:1,0,0,0,0,rare,
wandering,no,2,2,0,19,0.11,מָרוּד H4788 ×2,LAM:2,0,0,0,0,rare,
warriors of valor,no,2,2,0,,,חַיִל H2428 ×2,JOS:2,0,0,0,0,rare,
woe,no,2,2,0,124,0.02,הִי H1958 ×1; אוֹי H0188 ×1,EZK:1 PRO:1,1,0,0,0,rare,
writing,no,2,1,1,68,0.03,כָּתַב H3789 ×1; γραφή G11240 ×1,PSA:1 ROM:1,0,0,0,0,rare,
abhorrence,no,1,1,0,5,0.20,דְּרָאוֹן H1860 ×1,ISA:1,0,0,0,0,rare,
accursed,no,1,0,1,4,0.25,ἀνάθεμα G03310 ×1,ROM:1,0,0,0,0,rare,
alarm,no,1,1,0,11,0.09,חָפַז H2648 ×1,PSA:1,0,0,0,0,rare,
answer,no,1,1,0,155,0.01,מַעֲנֶה H4617 ×1,PRO:1,0,0,0,0,rare,
arrangement,no,1,1,0,11,0.09,מַעֲרָךְ H4633 ×1,PRO:1,0,0,0,0,rare,
assembly,no,1,1,0,169,0.01,מִקְרָא H4744 ×1,NUM:1,0,0,0,0,rare,
be the glory,no,1,0,1,,,δόξα G13910 ×1,GAL:1,0,0,0,0,rare,
began,no,1,1,0,121,0.01,,GEN:1,0,0,0,0,rare,
benefactor,no,1,0,1,2,0.50,προστάτις G43680 ×1,ROM:1,0,0,0,0,rare,
bereavement,no,1,1,0,4,0.25,שְׁכוֹל H7908 ×1,PSA:1,0,0,0,0,rare,
bestowment,no,1,1,0,1,1.00,תַּגְמוּל H8408 ×1,PSA:1,0,0,0,0,rare,
betrayal,no,1,1,0,2,0.50,רְמִיָּה H7423a ×1,PSA:1,0,0,0,0,rare,
blamelessness,no,1,1,0,1,1.00,תָּמִים H8549 ×1,PSA:1,0,0,0,0,rare,
bloodguilt,no,1,1,0,3,0.33,דָּם H1818 ×1,HOS:1,0,0,0,0,rare,
breadth,no,1,1,0,7,0.14,רֹחַב H7341 ×1,ISA:1,0,0,0,0,rare,
breaking down,no,1,1,0,,,קוּר H6979c ×1,ISA:1,0,0,0,0,rare,
brotherhood,no,1,1,0,3,0.33,אַחֲוָה H0264 ×1,ZEC:1,1,0,0,0,rare,
burnt offering,no,1,1,0,,,עֹלָה H5930a ×1,ISA:1,0,0,0,1,rare,
by faith,no,1,0,1,,,πίστις G41020 ×1,ROM:1,0,0,0,0,rare,
captive,no,1,1,0,50,0.02,שְׁבִי H7628a ×1,DEU:1,0,0,0,0,rare,
charm,no,1,1,0,5,0.20,חֵן H2580 ×1,PRO:1,0,0,0,0,rare,
child,no,1,1,0,127,0.01,יֶלֶד H3206 ×1,GEN:1,0,0,0,0,rare,
circumstance,no,1,1,0,2,0.50,אֹפֶן H0655 ×1,PRO:1,0,0,0,0,rare,
claim,no,1,1,0,6,0.17,דִּין H1779 ×1,PSA:1,0,0,0,0,rare,
cleanness,no,1,1,0,8,0.12,טָהוֹר H2889 ×1,LEV:1,0,0,0,0,rare,
closeness,no,1,1,0,1,1.00,קְרָבָה H7132 ×1,PSA:1,0,0,0,0,rare,
cold,no,1,1,0,15,0.07,קָרָה H7135 ×1,PSA:1,0,0,0,0,rare,
collection,no,1,1,0,6,0.17,קִבּוּץ H6899 ×1,ISA:1,0,0,0,0,rare,
coming,no,1,1,0,532,0.00,בּוֹא H0935 ×1,1SA:1,0,0,0,0,rare,
completeness,no,1,1,0,1,1.00,תַּכְלִית H8503 ×1,PSA:1,0,0,0,0,rare,
confinement,no,1,1,0,2,0.50,כֶּלֶא H3608 ×1,ISA:1,0,0,0,0,rare,
consummation,no,1,1,0,1,1.00,כָּלָה H3617 ×1,ZEP:1,0,0,0,0,rare,
contemplation,no,1,1,0,1,1.00,שִׂיחַ H7879 ×1,1KI:1,0,0,0,0,rare,
covenant love,no,1,1,0,,,חֶסֶד H2617a ×1,PSA:1,0,0,0,0,rare,
craving,no,1,1,0,4,0.25,תַּאֲוָה H8378 ×1,PSA:1,0,0,0,0,rare,
crookedness,no,1,1,0,3,0.33,לוּז H3868 ×1,ISA:1,0,0,0,0,rare,
cursed,no,1,0,1,71,0.01,ἀνάθεμα G03310 ×1,GAL:1,0,0,0,0,rare,
cut off,no,1,1,0,,,כָּרַת H3772 ×1,OBA:1,0,0,0,0,rare,
decision,no,1,1,0,4,0.25,חֲרוּץ H2742b ×1,JOL:1,0,0,0,0,rare,
deep darkness,no,1,1,0,,,חֹשֶׁךְ H2822 ×1,ISA:1,0,0,0,0,rare,
deity,no,1,0,1,1,1.00,θεότης G23200 ×1,COL:1,0,0,0,0,rare,
desirableness,no,1,1,0,1,1.00,חָמַד H2530b ×1,DAN:1,1,0,0,0,rare,
devoted,no,1,1,0,52,0.02,חֵרֶם H2764a ×1,NUM:1,0,0,0,0,rare,
devotion,no,1,1,0,4,0.25,חֵרֶם H2764a ×1,ISA:1,0,0,0,0,rare,
die,no,1,1,0,319,0.00,,GEN:1,0,0,0,0,rare,
disfigurement,no,1,1,0,1,1.00,מִשְׁחָת H4893a ×1,ISA:1,0,0,0,0,rare,
dismay,no,1,1,0,4,0.25,חָתַת H2865 ×1,ISA:1,0,0,0,0,rare,
downfall,no,1,1,0,4,0.25,מַפֶּלֶת H4658 ×1,PRO:1,0,0,0,0,rare,
drunken celebration,no,1,0,1,,,κῶμος G29700 ×1,GAL:1,0,0,0,0,rare,
embarrassment,no,1,1,0,2,0.50,חָפֵר H2659 ×1,PRO:1,0,0,0,0,rare,
enslaved,no,1,1,0,12,0.08,עָבַד H5647 ×1,EXO:1,0,0,0,0,rare,
eternal desolation,no,1,1,0,,,חׇרְבָּה H2723 ×1,JER:1,1,1,0,0,rare,
evenness,no,1,1,0,3,0.33,מֵישָׁר H4339 ×1,ISA:1,0,0,0,0,rare,
evil gain,no,1,1,0,,,בֶּצַע H1215 ×1,HAB:1,0,0,0,0,rare,
evil purpose,no,1,1,0,,,זִמָּה H2154 ×1,PSA:1,0,0,0,0,rare,
evildoer,no,1,0,1,17,0.06,κακοποιός G25550 ×1,1PE:1,0,0,0,0,rare,
existence,no,1,1,0,4,0.25,עוֹד H5750 ×1,PSA:1,0,0,0,0,rare,
extortion,no,1,1,0,3,0.33,עֹשֶׁק H6233 ×1,ECC:1,0,0,0,0,rare,
fall,no,1,1,0,250,0.00,נָפַל H5307 ×1,EZK:1,1,0,0,0,rare,
false security,no,1,1,0,,,שַׁלְוָה H7962 ×1,PRO:1,0,0,0,0,rare,
fashioner,no,1,1,0,10,0.10,יָצַר H3335 ×1,ISA:1,0,0,0,0,rare,
feared,no,1,1,0,62,0.02,יָרֵא H3372 ×1,DEU:1,0,0,0,0,rare,
fearing,no,1,1,0,51,0.02,יָרֵא H3373 ×1,ISA:1,0,0,0,0,rare,
finishing,no,1,1,0,29,0.03,כָּלָה H3615 ×1,DAN:1,1,0,0,0,rare,
formlessness,no,1,1,0,1,1.00,תֹּהוּ H8414 ×1,ISA:1,0,0,0,0,rare,
from evil,no,1,1,0,,,רַע H7451a ×1,PRO:1,0,0,0,0,rare,
gathering,no,1,1,0,42,0.02,אֹסֶף H0625 ×1,MIC:1,1,0,0,0,rare,
giving,no,1,1,0,187,0.01,נָתַן H5414 ×1,DAN:1,1,1,0,0,rare,
gleaning,no,1,1,0,10,0.10,עֹלֵלָה H5955 ×1,MIC:1,1,0,0,0,rare,
going out,no,1,1,0,,,יָצָא H3318 ×1,JER:1,1,0,0,0,rare,
gossip,no,1,1,0,5,0.20,רָכִיל H7400 ×1,JER:1,1,0,0,0,rare,
government,no,1,0,1,2,0.50,ἀρχή G07460 ×1,ROM:1,0,0,0,0,rare,
guide,no,1,0,1,23,0.04,ὁδηγός G35950 ×1,ROM:1,0,0,0,0,rare,
guile,no,1,1,0,1,1.00,מַשָּׁאוֹן H4860 ×1,PRO:1,0,0,0,0,rare,
haughtiness,no,1,1,0,3,0.33,רוּם H7312 ×1,ISA:1,0,0,0,0,rare,
heat,no,1,1,0,111,0.01,חֵמָה H2534 ×1,JER:1,1,0,0,0,rare,
heaviness,no,1,1,0,2,0.50,כֹּבֶד H3514 ×1,ISA:1,0,0,0,0,rare,
hiding,no,1,1,0,29,0.03,חֶבְיוֹן H2253 ×1,HAB:1,0,0,0,0,rare,
holy thing,no,1,1,0,,,קֹדֶשׁ H6944 ×1,NUM:1,0,0,0,0,rare,
homosexual,no,1,0,1,2,0.50,ἀρσενοκοίτης G07330 ×1,1CO:1,0,0,0,0,rare,
hurtfulness,no,1,1,0,1,1.00,עֹצֶב H6090a ×1,PSA:1,0,0,0,0,rare,
idleness,no,1,1,0,3,0.33,רְמִיָּה H7423b ×1,PRO:1,0,0,0,0,rare,
impropriety,no,1,1,0,3,0.33,תִּפְלָה H8604 ×1,JER:1,1,0,1,0,rare,
innocent,no,1,1,0,52,0.02,נָקִי H5355a ×1,PSA:1,0,0,0,0,rare,
insult,no,1,0,1,11,0.09,ὀνειδισμός G36800 ×1,ROM:1,0,0,0,0,rare,
intent,no,1,1,0,4,0.25,יֵצֶר H3336 ×1,DEU:1,0,0,0,0,rare,
inventor,no,1,0,1,2,0.50,ἐφευρετής G21820 ×1,ROM:1,0,0,0,0,rare,
joyfulness,no,1,1,0,1,1.00,שִׂמְחָה H8057 ×1,DEU:1,0,0,0,0,rare,
judgement,no,1,1,0,2,0.50,דִּין H1777 ×1,JER:1,1,0,0,0,rare,
judgment seat,no,1,0,1,,,βῆμα G09680 ×1,JHN:1,0,0,0,0,rare,
knower,no,1,1,0,13,0.08,יָדַע H3045 ×1,PSA:1,0,0,0,0,rare,
law-giving,no,1,0,1,0,,,ROM:1,0,0,0,0,rare,
lawless deed,no,1,0,1,,,ἀνομία G04580 ×1,ROM:1,0,0,0,0,rare,
laziness,no,1,1,0,3,0.33,עַצְלָה H6103 ×1,PRO:1,0,0,0,0,rare,
lewdness,no,1,1,0,4,0.25,נַבְלוּת H5040 ×1,HOS:1,0,0,0,0,rare,
liar,no,1,0,1,16,0.06,ψεύστης G55830 ×1,ROM:1,0,0,0,0,rare,
liberation,no,1,1,0,1,1.00,פְּקַח־קוֹחַ H6495 ×1,ISA:1,0,0,0,0,rare,
lifting up,no,1,1,0,,,רוּם H7311a ×1,PSA:1,0,0,0,0,rare,
live,no,1,1,0,376,0.00,נֶפֶשׁ H5315 ×1,NUM:1,0,0,0,0,rare,
loftiness,no,1,1,0,3,0.33,גַּבְהוּת H1365 ×1,ISA:1,0,0,0,0,rare,
love and peace,no,1,0,1,,,εἰρηνεύω G15140 ×1,2CO:1,0,0,0,0,rare,
lowness,no,1,1,0,1,1.00,שִׁפְלָה H8218 ×1,ISA:1,0,0,0,0,rare,
luxury,no,1,1,0,6,0.17,תַּעֲנוּג H8588 ×1,PRO:1,0,0,0,0,rare,
lying,no,1,1,0,82,0.01,כַּחַשׁ H3585 ×1,PSA:1,0,0,0,0,rare,
lying down,no,1,1,0,,,רֶבַע H7252 ×1,PSA:1,0,0,0,0,rare,
manhood,no,1,1,0,1,1.00,אוֹן H0202 ×1,HOS:1,0,0,0,0,rare,
meddler,no,1,0,1,2,0.50,ἀλλοτριεπίσκοπος G02440 ×1,1PE:1,0,0,0,0,rare,
men of valor,no,1,1,0,,,חַיִל H2428 ×1,2SA:1,0,0,0,0,rare,
mischief,no,1,1,0,3,0.33,עָמָל H5999 ×1,PSA:1,0,0,0,0,rare,
mischief and evil,no,1,1,0,,,אָוֶן H0205 ×1,PSA:1,0,0,0,0,rare,
mischief and vexation,no,1,1,0,,,כַּעַס H3708a ×1,PSA:1,0,0,0,0,rare,
misfortune,no,1,1,0,15,0.07,רַע H7451c ×1,ECC:1,0,0,0,0,rare,
mistake,no,1,1,0,18,0.06,שְׁגָגָה H7684 ×1,NUM:1,0,0,0,0,rare,
murderer,no,1,0,1,15,0.07,φονεύς G54060 ×1,1PE:1,0,0,0,0,rare,
murmuring,no,1,1,0,19,0.05,תְּלוּנָה H8519 ×1,NUM:1,0,0,0,0,rare,
naiveté,no,1,1,0,1,1.00,פְּתִי H6612b ×1,PRO:1,0,0,0,0,rare,
nausea,no,1,1,0,1,1.00,זָרָא H2214 ×1,NUM:1,0,0,0,0,rare,
no justice,no,1,1,0,,,מִשְׁפָּט H4941 ×1,PRO:1,0,0,0,0,rare,
nothingness,no,1,1,0,6,0.17,תֹּהוּ H8414 ×1,ISA:1,0,0,0,0,rare,
occasion,no,1,1,0,8,0.12,עִלָּה H5931 ×1,DAN:1,1,0,0,0,rare,
outpouring,no,1,1,0,1,1.00,,EZK:1,1,0,0,0,rare,
overlooking,no,1,0,1,1,1.00,πάρεσις G39290 ×1,ROM:1,0,0,0,0,rare,
overturning,no,1,1,0,2,0.50,הֹפֶךְ H2017 ×1,ISA:1,0,0,0,0,rare,
paleness,no,1,1,0,1,1.00,יֵרָקוֹן H3420 ×1,JER:1,1,0,0,0,rare,
pang,no,1,1,0,7,0.14,חֶבֶל H2256b ×1,JER:1,1,0,1,0,rare,
panic,no,1,1,0,4,0.25,חָפַז H2648 ×1,PSA:1,0,0,0,0,rare,
parable,no,1,1,0,55,0.02,מָשָׁל H4912 ×1,PSA:1,0,0,0,0,rare,
partaker,no,1,0,1,8,0.12,συνκοινωνός G47910 ×1,1CO:1,0,0,0,0,rare,
path,no,1,1,0,101,0.01,אֹרַח H0734 ×1,PSA:1,0,0,0,0,rare,
plague,no,1,1,0,105,0.01,דֶּבֶר H1698 ×1,JER:1,1,0,1,0,rare,
pleasing,no,1,1,0,76,0.01,נִיחוֹחַ H5207 ×1,NUM:1,0,0,0,0,rare,
position,no,1,1,0,7,0.14,מַעֲמָד H4612 ×1,ISA:1,0,0,0,0,rare,
price,no,1,1,0,34,0.03,יְקָר H3366 ×1,ZEC:1,1,0,0,0,rare,
prolonging,no,1,1,0,2,0.50,אַרְכָּא H0754 ×1,DAN:1,1,0,0,0,rare,
prominence,no,1,1,0,1,1.00,נֹהַּ H5089 ×1,EZK:1,1,0,0,0,rare,
protection,no,1,1,0,3,0.33,מִשְׁמֶרֶת H4931 ×1,1SA:1,0,0,0,0,rare,
proverb,no,1,1,0,32,0.03,מָשָׁל H4912 ×1,DEU:1,0,0,0,0,rare,
public,no,1,0,1,9,0.11,δημόσιος G12190 ×1,ACT:1,0,0,0,0,rare,
pursuing,no,1,1,0,19,0.05,רָדַף H7291 ×1,PSA:1,0,0,0,0,rare,
quiet,no,1,1,0,38,0.03,שְׁלִי H7987 ×1,2SA:1,0,0,0,0,rare,
redeemer,no,1,1,0,29,0.03,גָּאַל H1350a ×1,ISA:1,0,0,0,0,rare,
refining,no,1,1,0,3,0.33,צָרַף H6884 ×1,PSA:1,0,0,0,0,rare,
refreshing,no,1,1,0,1,1.00,מַרְגֵּעָה H4774 ×1,ISA:1,0,0,0,0,rare,
rejoice,no,1,1,0,187,0.01,גִּיל H1523 ×1,PSA:1,0,0,0,0,rare,
remission,no,1,1,0,5,0.20,שְׁמִטָּה H8059 ×1,DEU:1,0,0,0,0,rare,
reproof,no,1,1,0,2,0.50,מוּסָר H4148 ×1,HOS:1,0,0,0,0,rare,
retreat,no,1,1,0,3,0.33,מָנוֹס H4498 ×1,AMO:1,1,0,0,0,rare,
returning,no,1,1,0,35,0.03,שׁוּבָה H7729 ×1,ISA:1,0,0,0,0,rare,
reveling,no,1,0,1,2,0.50,τρυφή G51720 ×1,2PE:1,0,0,0,0,rare,
revelry,no,1,1,0,1,1.00,מִרְזַח H4797 ×1,AMO:1,1,0,0,0,rare,
revenue,no,1,1,0,2,0.50,תְּבוּאָה H8393 ×1,ISA:1,0,0,0,0,rare,
reviling,no,1,1,0,8,0.12,גִּדּוּף H1421 ×1,ISA:1,0,0,0,0,rare,
revolt,no,1,1,0,3,0.33,סָרָה H5627 ×1,ISA:1,0,0,0,0,rare,
riches and honor,no,1,1,0,,,כָּבוֹד H3519 ×1,PRO:1,0,0,0,0,rare,
riddle,no,1,1,0,15,0.07,חִידָה H2420 ×1,PSA:1,0,0,0,0,rare,
righteous one,no,1,1,0,,,צַדִּיק H6662 ×1,PRO:1,0,0,0,0,rare,
rising,no,1,1,0,75,0.01,זֶרַח H2225 ×1,ISA:1,0,0,0,0,rare,
rising up,no,1,1,0,,,קוּם H6965b ×1,PSA:1,0,0,0,0,rare,
rottenness,no,1,1,0,2,0.50,מַק H4716 ×1,ISA:1,0,0,0,0,rare,
rumor,no,1,1,0,6,0.17,דִּבָּה H1681 ×1,PRO:1,0,0,0,0,rare,
sanctify,no,1,0,1,13,0.08,,HEB:1,0,0,0,0,rare,
savior,no,1,1,0,41,0.02,יָשַׁע H3467 ×1,JDG:1,0,0,0,0,rare,
scheme of thing,no,1,1,0,,,חֶשְׁבּוֹן H2808 ×1,ECC:1,0,0,0,0,rare,
shattering,no,1,1,0,3,0.33,נָפַץ H5310a ×1,DAN:1,1,0,0,0,rare,
shout,no,1,1,0,100,0.01,תְּרוּעָה H8643 ×1,PSA:1,0,0,0,0,rare,
sign,no,1,1,0,180,0.01,אוֹת H0226 ×1,ISA:1,0,0,0,0,rare,
sinned,no,1,1,0,130,0.01,,NEH:1,0,0,0,0,rare,
sinner,no,1,0,1,59,0.02,ἁμαρτωλός G02680 ×1,ROM:1,0,0,0,0,rare,
sitting down,no,1,1,0,,,יָשַׁב H3427 ×1,PSA:1,0,0,0,0,rare,
skillfulness,no,1,1,0,1,1.00,תָּבוּן H8394 ×1,PSA:1,0,0,0,0,rare,
slanderer,no,1,0,1,5,0.20,κατάλαλος G26370 ×1,ROM:1,0,0,0,0,rare,
slipping,no,1,1,0,4,0.25,מוֹט H4131 ×1,PSA:1,0,0,0,0,rare,
song,no,1,1,0,117,0.01,זִמְרָת H2176 ×1,PSA:1,0,0,0,0,rare,
sorcery,no,1,1,0,9,0.11,כֶּשֶׁף H3785 ×1,MIC:1,1,0,0,0,rare,
stammering,no,1,1,0,2,0.50,לָעֵג H3934 ×1,ISA:1,0,0,0,0,rare,
station,no,1,1,0,30,0.03,מַצָּב H4673 ×1,ISA:1,0,0,0,0,rare,
steadfast,no,1,1,0,4,0.25,כּוּן H3559a ×1,PSA:1,0,0,0,0,rare,
stillness,no,1,1,0,2,0.50,דְּמָמָה H1827 ×1,1KI:1,0,0,0,0,rare,
striking,no,1,1,0,67,0.01,מַכָּה H4347 ×1,ISA:1,0,0,0,0,rare,
swallowing,no,1,1,0,4,0.25,בֶּלַע H1105 ×1,JER:1,1,0,0,0,rare,
sweetness,no,1,1,0,3,0.33,מֹתֶק H4987 ×1,JDG:1,0,0,0,0,rare,
swiftness,no,1,1,0,2,0.50,מְהֵרָה H4120 ×1,PSA:1,0,0,0,0,rare,
taunt,no,1,1,0,19,0.05,שְׁנִינָה H8148 ×1,DEU:1,0,0,0,0,rare,
they,no,1,1,0,7877,0.00,שָׁמַר H8104 ×1,NEH:1,0,0,0,0,rare,
thief,no,1,0,1,26,0.04,κλέπτης G28120 ×1,1PE:1,0,0,0,0,rare,
this grace,no,1,0,1,,,χάρις G54850 ×1,1PE:1,0,0,0,0,rare,
this salvation,no,1,0,1,,,σωτηρία G49910 ×1,1PE:1,0,0,0,0,rare,
thoughtlessness,no,1,1,0,1,1.00,קוֹל H6963b ×1,JER:1,1,0,0,0,rare,
tradition of men,no,1,0,1,,,ἄνθρωπος G04440 ×1,COL:1,0,0,0,0,rare,
transgress,no,1,1,0,9,0.11,פָּשַׁע H6586 ×1,AMO:1,1,0,0,0,rare,
treasure,no,1,1,0,64,0.02,אוֹצָר H0214 ×1,MAL:1,0,0,0,0,rare,
turmoil,no,1,1,0,3,0.33,רֹגֶז H7267 ×1,ISA:1,0,0,0,0,rare,
turning away,no,1,1,0,,,שׁוּב H7725 ×1,JER:1,1,0,0,0,rare,
unformed substance,no,1,1,0,,,גֹּלֶם H1564 ×1,PSA:1,0,0,0,0,rare,
unjust gain,no,1,1,0,,,בֶּצַע H1215 ×1,JER:1,1,0,1,0,rare,
use,no,1,0,1,13,0.08,ἀπόχρησις G06710 ×1,COL:1,0,0,0,0,rare,
vain,no,1,1,0,31,0.03,רִיק H7385 ×1,LEV:1,0,0,0,0,rare,
valuation,no,1,1,0,27,0.04,עֵרֶךְ H6187 ×1,NUM:1,0,0,0,0,rare,
variegation,no,1,1,0,1,1.00,רִקְמָה H7553 ×1,1CH:1,1,0,0,0,rare,
vileness,no,1,1,0,1,1.00,זֻלּוּת H2149 ×1,PSA:1,0,0,0,0,rare,
villainy,no,1,1,0,1,1.00,זִמָּה H2154 ×1,HOS:1,0,0,0,0,rare,
violation,no,1,1,0,5,0.20,מַעַל H4604 ×1,EZK:1,1,0,0,0,rare,
virginity,no,1,1,0,11,0.09,בְּתוּלִים H1331 ×1,LEV:1,0,0,0,0,rare,
wailing,no,1,1,0,18,0.06,יְלָלָה H3215 ×1,JER:1,1,0,0,0,rare,
watch,no,1,1,0,88,0.01,מִשְׁמָר H4929 ×1,JER:1,1,0,0,0,rare,
welfare,no,1,1,0,10,0.10,שָׁלוֹם H7965 ×1,ISA:1,0,0,0,0,rare,
well-being,no,1,1,0,0,,,JER:1,1,0,0,0,rare,
with quietness,no,1,0,1,,,ἡσυχία G22710 ×1,2TH:1,0,0,0,0,rare,
wound,no,1,1,0,39,0.03,מַכָּה H4347 ×1,MIC:1,1,0,0,0,rare,
fortune,no,0,0,0,14,0.00,,,0,1,0,0,rare,
siege,no,0,0,0,35,0.00,,,0,1,0,0,rare,
