Strong,Hebrew,Rendering,Book,Context,Notes,Date,Source
H727,אֲרוֹן,Box,ALL,Ark of the Covenant context,Capitalize 'Box'. Use 'Box of the Testimony' (Exodus) or 'Box of the Covenant' (Joshua+). Never 'ark'. See hebrew_ot_glossary.,2025-02-09,AI
H6041,עָנִי,poor,ALL,69:29 poor and in pain,"Form-based: adjective, not passive participle. Not 'afflicted'.",2025-02-10,AI
H6035,עָנָו,poor,ALL,69:32 The poor will see,"Form-based: adjective, not passive participle. Same as H6041.",2025-02-10,AI
H0954,בּוּשׁ,have shame,ALL,69:6 may...not have shame; 70:2 have shame,Per issues_resolved Feb 18: focus on standing not feeling. Not 'be ashamed' or 'feel shame'.,2025-02-10,human
H7941,שֵׁכָר,beer,ALL,69:12 drinkers of beer,Not 'strong drink'. More specific.,2025-02-10,AI
H0639,אַף / אַפַּיִם,nose / nostrils,ALL,"body-part idiom and lexical body-part sense; singular אַף = ""nose"", dual אַפַּיִם = ""nostrils"" (e.g. ISA 49:12)","Preserve the body-part rendering literally. Not ""anger"" and never ""face/faces"".",2026-04-21,human
H4229a,מָחָה,wiped,ALL,69:28 wiped from the book,Not 'blotted out'. No additional preposition.,2025-02-10,AI
H7857,שָׁטַף,overflow,ALL,"69:2,15 a flood overflows me",Not 'sweep away'. Present tense preferred.,2025-02-10,AI
H7574,רֶתֶם,broom trees,ALL,120:4 coals of broom trees,2/3 published: juniper tree (1KI) vs broom trees (JOB). 'broom trees' is botanically accurate.,2026-02-10,AI
H7423a,רְמִיָּה,deceit,ALL,120:2-3 tongue of deceit,Dominant rendering 50% (2/4 occ). Also used in PSA 101:7 JOB 27:4.,2026-02-10,AI
H0190,אוֹיָה,Woe,ALL,120:5 Woe to me,Not in published ULT. Interjection of lament. Consistent with 'Woe' used elsewhere (ZEP 2:5 3:1).,2026-02-10,AI
H7600,שַׁאֲנָן,the ones at ease,ALL,123:4 the scorn of the ones at ease,Only 2 occ in index: arrogance (2KI) and secure (JOB); at ease fits contemptuous context,2026-02-10,AI
H1349,גַּאֲיוֹן,the proud,ALL,123:4 the contempt of the proud,Hapax legomenon; from root ga'ah (to be exalted/proud),2026-02-10,AI
H0937,בּוּז,contempt,ALL,123:3-4 satisfied with contempt,Dominant rendering 43% of 7 occ,2026-02-10,AI
H3933,לַעַג,scorn,ALL,123:4 the scorn of the ones at ease,50% scorn in index (2 occ total),2026-02-10,AI
H2121,זֵידוֹן,raging,ALL,124:5 the raging waters,Not in published ULT; adjective from root zid (to boil/be insolent). For waters context 'raging' is literal.,2026-02-10,AI
H3884,לוּלֵא,Unless,ALL,124:1-2 Unless Yahweh who was for us,PSA dominant: Unless (27:13 94:17). Counterfactual conditional particle.,2026-02-10,AI
H6341a,פַּח,snare,ALL,124:7 from the snare of the trappers,Dominant rendering 43% (snare/snares). Matches PSA 91:3.,2026-02-10,AI
H3369,יָקֹשׁ,trappers,ALL,124:7 the snare of the trappers,Qal participle plural. PSA 91:3 uses 'trapper' (singular).,2026-02-10,AI
H2964,טֶרֶף,prey,ALL,124:6 prey to their teeth,22% prey in index. Animal metaphor context with teeth.,2026-02-10,AI
H7451c,רַע,hurt,ALL,"71:13,24 those who seek my hurt",Not 'harm'. Noun form for enemy intent.,2026-02-10,AI
H2167,זָמַר,make music,ALL,"71:22,23 with harp/lyre context",Preserves distinction from singing when parallel with vocal praise.,2026-02-10,AI
H5553,סֶלַע,rock,ALL,71:3 you are my rock,Not 'cliff'. Editor PSA 71.,2026-02-10,human
H8597,תִּפְאָרָה,honor,ALL,71:8 all the day with your honor,Not 'splendor'. Editor PSA 71.,2026-02-10,human
H2363,חִישׁ,hurry,ALL,71:12 hurry to help me,Not 'hasten'. Editor PSA 71.,2026-02-10,human
H0571,אֶמֶת,trustworthiness,ALL,71:22 for your trustworthiness,Not 'faithfulness'. Editor PSA 71.,2026-02-10,human
H1420,גְּדוּלָה,honor,ALL,71:21 increase my honor,Not 'greatness'. Editor PSA 71.,2026-02-10,human
H3766,כָּרַע,kneel,ALL,72:9 May desert-dwellers kneel,Not 'bow down'. Distinct from H7812 shachah. Editor PSA 72.,2026-02-10,human
H1369,גְּבוּרָה,mighty acts,ALL,71:16 the mighty acts of Lord Yahweh,Not 'mighty deeds'. Also 'power' in 71:18. Editor PSA 71.,2026-02-10,human
H2220,זְרוֹעַ,strength,ALL,71:18 declaring your strength,Not 'arm' in this context. Editor PSA 71. (arm is more literal; editor chose semantic),2026-02-10,human
H6381,פָּלָא,wonderful,ALL,71:17 your wonderful deeds,Not 'wondrous'. Niphal participle. Editor PSA 71.,2026-02-10,human
H1897,הָגָה,talk about,ALL,71:24 tongue will also talk about,Not 'meditate on'. Editor PSA 71.,2026-02-10,human
H3039a,יְדִיד,beloved,ALL,84:1 beloved dwelling places,"adjective form; ""beloved"" matches published PSA 60:5 ""beloved ones""",2026-02-10,AI
H4908,מִשְׁכָּן,dwelling places,ALL,84:1 your dwelling places,"plural form; ""dwelling place"" 67% in published ULT; plural here",2026-02-10,AI
H3700,כָּסַף,longs,ALL,84:2 my soul longs,"Niphal; ""long for"" per GEN 31:30 published ULT",2026-02-10,AI
H1866,דְּרוֹר,swallow,ALL,84:3 a swallow,"bird species; ""swallow"" per PRO 26:2",2026-02-10,AI
H5605,סָפַף,stand at the threshold,ALL,84:10 to stand at the threshold,Hithpolel infinitive; threshold/doorway context,2026-02-10,AI
H1056,בָּכָא,Baca,ALL,84:6 Valley of Baca,proper noun; transliterate,2026-02-10,AI
H4175,מוֹרֶה,the early rain,ALL,84:6 the early rain covers,per JOL 2:23 published ULT,2026-02-10,AI
H7622,שְׁבוּת,prosperity,ALL,85:1 you restored the prosperity of Jacob,PSA 14:7 and 53:6 both use 'prosperity of' (28.6%),2026-02-11,AI
H5678,עֶבְרָה,wrath,ALL,85:3 you gathered all your wrath,'wrath' 15.4% dominant general rendering,2026-02-11,AI
H3708a,כַּעַס,vexation,ALL,85:4 break your vexation with us,PSA 10:14 uses 'vexation' (15.4%),2026-02-11,AI
H3690,כִּסְלָה,folly,ALL,85:8 let them not return to folly,Only 1 occ (JOB 4:6 'confidence'). Context here is moral failing.,2026-02-11,AI
H2623,חָסִיד,faithful ones,ALL,85:8 his faithful ones,Dominant Psalms usage: 'faithful ones' / 'faithful',2026-02-11,AI
H3248,yesudah,foundation,ALL,87:1 His foundation on the mountains,hapax-like; fem singular construct + 3ms suffix,2026-02-11,AI
H7294,rahav,Rahab,ALL,87:4 I will mention Rahab,proper noun; poetic name for Egypt,2026-02-11,AI
H2490b,chalal,pipe,ALL,87:7 those who pipe,only 1 published occ: 'were piping' 1KI 1:40,2026-02-11,AI
H0835,אֶשֶׁר,The happiness of,ALL,128:1-2 The happiness of everyone fearing Yahweh,Dominant Psalms pattern: PSA 1:1 2:12 94:12 112:1,2026-02-11,AI
H3411,יְרֵכָה,innermost parts,ALL,128:3 in the innermost parts of your house,Published: recesses (PSA 48:2 1SA 24:3) innermost parts (JON 1:5); both acceptable,2026-02-11,AI
H8363,שְׁתִל,shoots,ALL,128:3 like shoots of olive trees,Not in published index; hapax-like. Root sh-t-l = transplant/plant,2026-02-11,AI
H6887d,tsarar,afflicted,ALL,verb form Qal perfect - they have afflicted me,,2026-02-11,AI
H1354,gab,back,ALL,upon my back - body part in plowing metaphor,,2026-02-11,AI
H4618,maanah,furrows,ALL,agricultural furrows - Qere form,,2026-02-11,AI
H2683,chetsen,bosom,ALL,hapax - fold of garment for gathering sheaves,,2026-02-11,AI
H1396,gabar,is strong,ALL,over us context,confirmed from published PSA 117:2,2026-02-11,AI
H0523,ummim,peoples,ALL,all peoples,confirmed from published PSA 117:1,2026-02-11,AI
H7623b,shabach,extol,ALL,extol him,confirmed from published PSA 117:1,2026-02-11,AI
H0046,abir,Mighty One,ALL,construct: the Mighty One of Jacob,GEN 49:24 pattern,2026-02-12,AI
H1916,hadom,footstool,ALL,construct: the footstool of his feet,PSA 99:5 and PSA 110:1 patterns,2026-02-12,AI
H6718b,tsayid,provisions,ALL,her provisions,dominant rendering 54.5% of 11 occ,2026-02-12,AI
H3468,yesha,salvation,ALL,her priests I will clothe with salvation,dominant rendering across Psalms,2026-02-12,AI
H5145,nezer,crown,ALL,his crown will flourish,dominant rendering 57% of 7 occ,2026-02-12,AI
H2534,חֵמָה,wrath,ALL,88:7 God's anger on psalmist,"heat (21% general), rage (PSA 6:1), wrath (PSA 90:7). Psalmic lament context = wrath.",2026-02-16,AI
H5564,סָמַךְ,rests heavily,ALL,88:7 wrath rests heavily on me,UPDATED: editor corrected 'leaned' to 'rests heavily'. Qal perfect.,2026-02-17,human
H7496,רָפָא,Raphaites,ALL,88:10 Or will the Raphaites arise?,"Per issues_resolved: 'Raphaites' from Rapha, English pluralization convention.",2026-02-17,human
H0353,אֱיָל,strength,ALL,88:4 man without strength,Hapax in published ULT. Lexical: strength/help.,2026-02-16,AI
H6323,פּוּן,must despair,ALL,88:15 I must despair,UPDATED: editor corrected 'numb' to 'must despair'. Hapax. Cohortative form.,2026-02-17,human
H1669,דָּאַב,mourns,ALL,88:9 My eye mourns from affliction,UPDATED: editor corrected 'wastes away' to 'mourns'.,2026-02-17,human
H0530,emunah,faithfulness,ALL,your faithfulness / in my faithfulness,dominant rendering 25% - psalms use faithfulness consistently,2026-02-16,AI
H4905,maskil,maskil,ALL,A maskil of,dominant rendering 71% of 7 occ,2026-02-16,AI
H6918,qadosh,holy ones,ALL,assembly of the holy ones / council of the holy ones,psalms context for divine council,2026-02-16,AI
H6635b,tsaba,Armies,ALL,God of Armies,dominant rendering 57% of 60 occ,2026-02-16,AI
H7834,shachaq,skies,ALL,in the skies,16.7% but fits context of divine council setting,2026-02-16,AI
H4349,makon,foundation,ALL,foundation of your throne,12.5% - PSA 97:2 precedent,2026-02-16,AI
H8597,tipharah,splendor,ALL,the splendor of their strength,dominant rendering 21% of 14 occ,2026-02-16,AI
H2623,chasid,faithful ones,ALL,your faithful ones,13.3% - matches published pattern,2026-02-16,AI
H6119,aqeb,footsteps,ALL,the footsteps of your anointed one,contextual - not literal heels,2026-02-16,AI
H2465,cheled,life,ALL,how short my life is,25% - fits rhetorical question context,2026-02-16,AI
H2042,harar,mountains,ALL,87:1 mountains of holiness,split between mountains/hills in 5 occ; used mountains for parallel with Zion,,2026-02-12,AI
H4908,mishkan,dwellings,ALL,87:2 dwellings of Jacob,dominant 'Dwelling' (67%) but lowercase plural for non-Tabernacle contexts,,2026-02-12,AI
H4599,mayan,springs,ALL,87:7 All of my springs,springs dominant in PSA 104:10; fountain also valid,,2026-02-12,AI
H3513,nikbadot,Glorious things,ALL,87:3 Niphal participle fpa - substantive use,glorious (DEU 28:58) dominant for Niphal; honored also valid,2026-02-12,AI
H5608a,saphar,count,ALL,87:6 Yahweh will count in the registering,count/recount dominant; count for census context,2026-02-12,AI
H3559a,kun (Polel),establish,ALL,87:5 the Most High will establish her,Polel intensive of kun; establish for Zion context,2026-02-12,AI
H2142,zakar (Hiphil),mention,ALL,87:4 I will mention Rahab,Hiphil = cause to remember / mention; mention (GEN 40:14),2026-02-12,AI
H3789,katav (inf const),writing,ALL,87:6 in the writing of peoples,infinitive construct; literal 'writing' preferred over 'registering',2026-02-12,AI
H0157,ahav (Qal ptc),is loving,ALL,87:2 Yahweh is loving the gates,participle form preserved per skill rule; dominant 'loved/loves' for finite forms,,2026-02-12,AI
H1696,davar (Pual ptc),are being spoken,ALL,87:3 Glorious things are being spoken,Pual passive participle; passive form preserved,,2026-02-12,AI
H0559,amar (Niphal),it will be said,ALL,87:5 of Zion it will be said,Niphal passive impf; standard passive rendering,,2026-02-12,AI
H7891,shir (Qal ptc),the ones singing,ALL,87:7 the ones singing,participle form; 'singers' also valid but ptc rule applied,,2026-02-12,AI
H4720,מִקְדָּשׁ,sanctuary,ALL,"74:3,7 your sanctuary",Not 'holy place'. Editor PSA 74.,2026-02-12,human
H8577,תַּנִּין,sea monsters,ALL,74:13 heads of the sea monsters,Not 'sea creatures'. Editor PSA 74.,2026-02-12,human
H1367,גְּבוּלָה,borders,ALL,74:17 all the borders of the earth,Not 'boundaries'. Editor PSA 74.,2026-02-12,human
H6924,קֶדֶם,days of antiquity,ALL,"74:2,12 in days of antiquity / from days of antiquity","Per issues_resolved Dec 10: Hebrew has noun, not adjective. Not 'of old' or 'ancient times'.",2026-02-12,human
H5006,נָאַץ,blaspheme,ALL,74:18 has blasphemed your name,Not 'despise'. Also 'treat with contempt' (74:10). Editor PSA 74.,2026-02-12,human
H8449,תּוֹר,dove,ALL,74:19 the life of your dove,Not 'turtledove'. Editor PSA 74.,2026-02-12,human
H4615,מַעֲמָק,depths,ALL,130:1 from the depths,Not in published ULT; standard meaning. Plural form.,2026-02-12,AI
H5547,סְלִיחָה,forgiveness,ALL,130:4 with you is the forgiveness,100% rendering in published ULT (NEH 9:17).,2026-02-12,AI
H7183,קַשָּׁב,attentive,ALL,130:2 let your ears be attentive,100% rendering in published ULT (NEH 1:6 1:11).,2026-02-12,AI
H8469,תַּחֲנוּן,pleas,ALL,130:2 voice of my pleas,Dominant rendering 60% (PSA 28:2 28:6 116:1).,2026-02-12,AI
H6304,פְּדוּת,redemption,ALL,130:7 abundant with him is redemption,100% rendering in published ULT (EXO 8:23 PSA 111:9).,2026-02-12,AI
H1361,גָּבַהּ,high,ALL,131:1 heart has not been high; ISA 52:13 he will be very high,Qal 'to be high'; preserve active/stative rendering. Not 'haughty' (too interpretive) and not passive 'greatly exalted'.,2026-02-12,AI
H7737a,שָׁוָה,leveled,ALL,131:2 Piel 'leveled my soul',Piel = make level/calm; cf. PSA 16:8 'I have set'. Context: composing/calming.,2026-02-12,AI
H1826a,דָּמַם,stilled,ALL,131:2 Polel 'stilled my soul',Polel causative: made still/quiet. Cf. PSA 4:4 'be silent'. Published: various forms.,2026-02-12,AI
H3490,יָתוֹם,orphan,PSA,82:3 judge the orphan,Use 'orphan' in Psalms; AI defaulted to 'fatherless' (dominant ULT rendering corpus-wide).,2026-02-16,AI
H0403,אָכֵן,But,ALL,82:7 adversative use in contrast with v6,Editor changed 'Surely' to 'But'. Use 'But' when אָכֵן introduces contrast after a concession.,2026-02-16,human
H5027,נָבַט,regard,ALL,82:9 84:9 regard the face of your anointed,Editor changed 'look at' to 'regard' in both occurrences. Imperative habbet.,2026-02-17,human
H3039a,יְדִיד,amiable,ALL,84:1 amiable dwelling places,UPDATED: editor corrected AI 'beloved' to 'amiable'. Overrides 2026-02-10 entry.,2026-02-17,human
H3411,יְרֵכָה,recesses,ALL,128:3 in the recesses of your house,UPDATED: editor corrected AI 'innermost parts' to 'recesses'. Overrides 2026-02-11 entry.,2026-02-17,human
H8469,תַּחֲנוּן,supplications,ALL,130:2 voice of my supplications,UPDATED: editor corrected AI 'pleas' to 'supplications'. Overrides 2026-02-12 entry.,2026-02-17,human
H5608a,סָפַר,recount,ALL,87:6 Yahweh will recount in the writing,UPDATED: editor corrected AI 'count' to 'recount'. Overrides 2026-02-12 entry.,2026-02-17,human
H4060a,מִדָּה,garments,ALL,133:2 mouth of his garments,pi middotav - collar/opening of garments - literal rendering preserves peh idiom,2026-02-17,AI
H5273a,נָעִים,pleasant,ALL,133:1 how pleasant,dominant rendering 20% of 10 occ; fits adjective in parallel with tov,,2026-02-17,AI
H2803,חָשַׁב,reckoned,ALL,88:4 I am reckoned with the ones going down,Niphal. Editor corrected 'counted' to 'reckoned'.,2026-02-17,human
H5060,נָגַע,come near,ALL,88:3 my life has come near to Sheol,Hiphil. Editor corrected 'reached' to 'come near'.,2026-02-17,human
H7368,רָחַק,distanced,ALL,"88:8,18 You have distanced my acquaintances",Hiphil causative as single English verb. Not 'made far'. 2 occurrences.,2026-02-17,AI
H4867,מִשְׁבָּר,waves,ALL,88:7 all of your waves,Editor corrected 'breakers' to 'waves'.,2026-02-17,human
H2740,חָרוֹן,indignations,ALL,88:16 Your indignations pass over me,Plural matching Hebrew plural. Not 'burning anger'.,2026-02-17,AI
H5362b,נָקַף,close in upon,ALL,88:17 they close in upon me together,Hiphil. Editor corrected 'encircled' to 'close in upon'.,2026-02-17,human
H6923,קָדַם,precedes,ALL,88:13 my prayer precedes you,Piel imperfect. Single verb preferred over 'comes before'.,2026-02-17,AI
H5387b,נָשִׂיא,clouds,ALL,135:7 meteorological context,"PRO 25:14 100% ""Clouds""; mist/vapors rising",,2026-02-17,AI
H1300b,בָּרָק,lightning bolts,ALL,135:7 plural,"JOB 38:35 ""lightning bolts""; PSA 97:4 ""His lightning""",,2026-02-17,AI
H6091,עָצָב,idols,ALL,135:15 nations' idols,"PSA 115:4 ""Their idols""; 60% dominant rendering",,2026-02-17,AI
H5459,סְגֻלָּה,possession,ALL,135:4 Israel as possession,"60% dominant ""possession"" across 5 occ",,2026-02-17,AI
H1777,דִּין,vindicates,ALL,135:14 parallel DEU 32:36,"DEU 32:36 pub ULT ""vindicates his people""",,2026-02-17,AI
H5162,נָחַם (Hitpael),has compassion on,ALL,135:14 parallel DEU 32:36,"DEU 32:36 pub ULT ""has compassion on his servants""",,2026-02-17,AI
H0214,אוֹצָר,storehouses,ALL,135:7 wind from storehouses,"JOB 38:22 ""storehouses"" 2 occ; DEU 28:12 ""treasure""",,2026-02-17,AI
H7554,רָקַע,spreading out,ALL,136:6 spreading out the earth,Participle form. Only 3 occ in published; no dominant rendering for participle context.,2026-02-17,AI
H1504,גָּזַר,dividing,ALL,136:13 dividing the Sea of Reeds,Participle form. Published has 'Divide' (1KI 3:25-26).,2026-02-17,AI
H5287,נָעַר,shook off,ALL,136:15 shook off Pharaoh,Piel perfect. Matches EXO 14:27 published 'shook off'.,2026-02-17,AI
H8216,שֶׁפֶל,humiliation,ALL,136:23 in our humiliation,Not in Strong's index. Only published match: EZR 9:5 'humiliation'.,2026-02-17,AI
H6561,פָּרַק,tore away,ALL,136:24 tore us away from our adversaries,Wayyiqtol. Published has 'tearing apart' (PSA 7:2). Context = rescue.,2026-02-17,AI
H8629,תֵּקַע,blast,ALL,150:1 blast of a shofar,Only occ in OT; noun from root tq' (to thrust/blow),2026-02-18,AI
H4234,מָחוֹל,dance,ALL,150:4 tambourine and dance,No published ULT occ; standard lexical meaning,2026-02-18,AI
H6767d,צְלָצַל,cymbals,ALL,150:5 cymbals of sound,1 published occ (2SA 6:5 'with cymbals'),2026-02-18,AI
H8088a,שֵׁמַע,sound,ALL,150:5 cymbals of sound,Published as 'hearing' in JOB 42:5 and 'report' elsewhere; 'sound' fits instrument context,2026-02-18,AI
H1792,דָּכָא,shattered,ALL,89:10 You shattered Rahab,"editor prefers ""shattered"" over ""crushed"" in cosmic battle context",2026-02-18,human
H2491a,חָלָל,slain,ALL,89:10 like a slain one,"primary sense = killed; not ""pierced""",2026-02-18,AI
H3988a,מָאַס,spurned,ALL,89:38 rejected and spurned,"more precise than ""despised"" for divine rejection",2026-02-18,AI
H5010,נָאַר,voided,ALL,89:39 voided the covenant,"legal sense covenant annulment; not ""repudiated""",2026-02-18,AI
H5674b,עָבַר (Hitpael),passed yourself over from,ALL,89:38 passed yourself over from your anointed,"literal Hitpael reflexive; not ""been angry with""",2026-02-18,AI
H0539,אָמַן (Niphal ptc),attested / confirmed,ALL,89:28 covenant confirmed; 89:37 attested witness,"forensic/evidentiary sense; distinguish from adjective ""faithful""",2026-02-18,AI
H7723,שָׁוְא,emptiness,ALL,89:47 for what emptiness,"more literal than ""vanity""",2026-02-18,AI
H1368,גִּבּוֹר,warrior,ALL,89:19 help on a warrior,"specific military term; not generic ""mighty one""",2026-02-18,AI
H4048,מָגַר,cast,ALL,89:44 cast his throne to the ground,"without redundant ""down"" when directional phrase follows",2026-02-18,AI
H5844a,עָטָה (Hiphil),covered over,ALL,89:45 covered him over with shame,"Hiphil + al preposition warrants ""over""",2026-02-18,AI
H7692,shigyonot,shigyonoth,ALL,superscription musical term; transliterated,unique term only in HAB 3:1 and PSA 7:1,2026-02-18,AI
H2253,chebyon,the hiding of,ALL,4:4 rare word; no index entry; hiding/concealment,2026-02-18,AI
H4128,mud,measured (Hiphil),ALL,6 Hiphil wayyiqtol; no index entry; measure/survey earth,2026-02-18,AI
H5425a,nathar,spring apart (Hiphil),ALL,6 made nations spring/leap apart; no index entry,2026-02-18,AI
H6518,paraz,warriors (of open country),ALL,14 fighters/warriors; rare word; Qere variant,2026-02-18,AI
H2073,zebul,habitation,ALL,11 sun/moon stand in their habitation; only 2 occ in index,2026-02-18,AI
H1979,halikah,goings,ALL,6 His goings are everlasting; his ways/marches,2026-02-18,AI
H1760a,נִדְחֵי,scattered,ALL,147:2 scattered ones of Israel,those driven away/dispersed,2026-02-19,AI
H6094,עַצְּבוֹת,wounds,ALL,147:3 healing their wounds,physical injury not emotional sorrow,2026-02-19,AI
H5749a,עוֹדֵד,lifting up,ALL,147:6 Yahweh lifting up the poor,Polel participle,2026-02-19,AI
H0929,בְּהֵמָה,beast,ALL,147:9 to the beast its food,more register-appropriate in poetry than animal,2026-02-19,AI
H0565a,אִמְרָה,command,ALL,147:15 sends his command,use command for directive action; word for speech reference,2026-02-19,AI
H7140,קֶרַח,hail,ALL,147:17 casts his hail like crumbs,contextual: scattered/cast precipitation,2026-02-19,AI
H6595a,פַּת,crumbs,ALL,147:17 like crumbs,small pieces; parallels scattered imagery,2026-02-19,AI
H3176,יָחַל,hoping,ALL,147:11 those hoping in his covenant faithfulness,active expectation not passive waiting,2026-02-19,AI
H6250,עֶשְׁתֹּנָה,thoughts,ALL,146:4 his thoughts perish,hapax legomenon; only PSA 146:4,2026-02-20,AI
H2210,זָקַף,raising up,ALL,146:8 raising up the bowed down,hapax; Qal participle,2026-02-20,AI
H7664,שֵׂבֶר,hope,ALL,146:5 whose hope is on Yahweh,not in Strong's index; context: confident expectation,2026-02-20,AI
H7779,שׁוּף,crush,ALL,139:11 darkness will crush me,Only 3 occ in published; Gen 3:15 'strike' Job 9:17 'break'. 'Crush' preserves the violence of the verb.,2026-02-20,AI
H1564,גֹּלֶם,unformed substance,ALL,139:16 my unformed substance,Hapax legomenon; only PSA 139:16.,2026-02-20,AI
H8312,שַׂרְעַף,cares,ALL,139:23 know my cares,Only 2 occ; PSA 94:19 'my cares'. Consistent.,2026-02-20,AI
H6383,פִּלְאִי,wonderful,ALL,139:6 too wonderful for me,Only 2 occ; JDG 13:18 'is wonderful'. Consistent.,2026-02-20,AI
H7252,רֶבַע,lying down,ALL,139:3 my lying down,Hapax-like; context = resting. Inf construct + suffix.,2026-02-20,AI
H1926,הָדָר,splendor,ALL,"145:5,12 the splendor of the glory",Not 'majesty'. Editor PSA 145. Consistent across both occurrences.,2026-02-23,human
H7663b,שָׂבַר,wait for,ALL,145:15 The eyes of all wait for you,Piel = hope/wait. Not 'look to'. Editor PSA 145.,2026-02-23,human
H8416,תְּהִלָּה,psalm,ALL,145:1 superscription A psalm of David,In superscriptions = 'psalm'. In body text = 'praise'. Editor PSA 145.,2026-02-23,human
H3034,יָדָה,thank,ALL,145:10 All your works will thank you,Hiphil yadah = usually 'thank'. 'Praise' suits some contexts (e.g. 'praise your name' avoids personification). Editors adjust by context.,2026-02-23,human
H0571,אֶמֶת,truth,ALL,145:18 call on him in truth,Situational: 'truth' in 145:18 vs 'trustworthiness' in 71:22. Context-dependent.,2026-02-23,AI
H7623b,שָׁבַח,proclaim,ALL,145:4 Generation to generation will proclaim,Situational: 'proclaim' when declaring works (145:4) vs 'extol' when praising God directly (117:1).,2026-02-23,AI
H1369,גְּבוּרָה,power,ALL,145:11 they will speak of your power,Singular = 'power'. Plural = 'mighty acts' (71:16). Context-dependent.,2026-02-23,AI
H5769,עוֹלָם,eternities / eternity,ALL,145:13 kingdom of all of eternities; ISA 55:13 a sign of eternity,"Plural עוֹלָמִים = 'eternities'. Singular standalone = 'forever/ages'. In construct chain as dependent genitive = 'eternity' (noun, not adjective). ISA 55:13 ruling: 'a sign of eternity' not 'an everlasting sign'. Editor PSA 145; ISA 55:13.",2026-04-27,human
H7356b,רַחַם,compassions,ALL,"145:9 his compassions are over all of his works; ISA 54:7 with great compassions","Plural = 'compassions'. Not singular 'compassion'. Editor PSA 145; ISA 54:7.",2026-02-23,human
H2502a,חָלַץ,rescue,ALL,140:1 Rescue me Yahweh,Piel imperative. Dominant Psalms rendering: Rescue (PSA 6:4),2026-02-24,AI
H5919,עַכְשׁוּב,viper,ALL,140:3 venom of a viper,Hapax legomenon. Traditionally spider/asp. Serpent context = viper.,2026-02-24,AI
H2534,חֵמָה,venom,ALL,140:3 venom of a viper,Serpent context = venom (as DEU 32:33). Not wrath.,2026-02-24,AI
H4113,מַהֲמֹרָה,pits,ALL,140:10 into pits,No index entry. Deep pits/watery pits. Rendered as pits.,2026-02-24,AI
H3970,מַאֲוַי,desires,ALL,140:8 desires of the wicked,No index entry. From avah = desire.,2026-02-24,AI
H2162,זָמָם,plot,ALL,140:8 his plot,No index entry. Noun from zamam = scheme/plot.,2026-02-24,AI
H8108,shomrah,guard,ALL,141:3 a guard on my mouth,hapax legomenon - contextual guard/watch,2026-02-25,AI
H4516,manam,delicacies,ALL,141:4 their delicacies,hapax - dainty foods,2026-02-25,AI
H1986,halam,strike,ALL,141:5 righteous strike me,beat/strike - 4 occ total,2026-02-25,AI
H5106,nua,refuse,ALL,141:5 may my head not refuse,Hiphil = refuse/hinder - no published ULT data,2026-02-25,AI
H6398,palach,splitting,ALL,141:7 one splitting in earth,split/cleave/plow - 5 occ total,2026-02-25,AI
H4364b,makmar,nets,ALL,141:10 fall into his nets,rare word - nets/snares,2026-02-25,AI
H4498,מָנוֹס,refuge,ALL,142:4 Refuge has perished from me,2SA 22:3 'my refuge' 50% of 2 occ; JOB 11:20 'escape' 50%,2026-02-26,AI
H4525,מַסְגֵּר,prison,PSA,142:7 Bring out my soul from prison,2KI 24 'smith' is different sense; PSA context = confinement,2026-02-26,AI
H3803,כָּתַר,surround,ALL,142:7 The righteous will surround me,JDG 20:43 'surrounded'; PSA 22:12 'encircle me'; Hiphil = crown/surround,2026-02-26,AI
H5959,עַלְמָה,young woman,ALL,the young woman (with article) Gen 24:43 precedent,,2026-03-02,AI
H6005,עִמָּנוּאֵל,Immanuel,ALL,proper name God with us,,2026-03-02,AI
H2529a,חֶמְאָה,curds,ALL,dominant rendering across published ULT,,2026-03-02,AI
H0181,אוּד,firebrands,ALL,no published data; firebrand/torch,,2026-03-02,AI
H2750,חֳרִי,burning,ALL,burning of nose = fierce anger idiom,,2026-03-02,AI
H6226,עָשֵׁן,smoking,ALL,100% in published ULT (Exo 20:18),,2026-03-02,AI
H2070,זְבוּב,fly,ALL,no published data; standard meaning,,2026-03-02,AI
H1682,דְּבוֹרָה,bee,ALL,dominant rendering bees/bee,,2026-03-02,AI
H2183,זָנוּן,prostitutions,ALL,prostitutions of/her prostitutions,Matching HOS 1:2 pattern,2026-03-02,AI
H5005,נַאֲפוּף,adulteries,ALL,her adulteries,Hapax-like; adultery noun plural,2026-03-02,AI
H7753,שׂוּךְ,hedging,ALL,behold me hedging your way,JOB 1:10 hedge; participle form,2026-03-02,AI
H1443,גָּדַר,wall up,ALL,I will wall up her wall,JOB 19:8 walled up,2026-03-02,AI
H5040,נַבְלוּת,lewdness,ALL,I will uncover her lewdness,No published data; shameful exposure,2026-03-02,AI
H0866,אֶתְנָה,hire,ALL,a hire they are to me,No published data; prostitute wages,2026-03-02,AI
H2484,חֶלְיָה,jewelry,ALL,her ring and her jewelry,No published data; ornament,2026-03-02,AI
H8250,שִׁקּוּי,drink,ALL,my oil and my drink,PRO 3:8 refreshment; drink in provision context,2026-03-02,AI
H6601b,פָּתָה,alluring,ALL,I am alluring her,Piel participle; entice/allure in romantic restoration context,2026-03-02,AI
H0781,אָרַשׂ,betroth,ALL,I will betroth you to me,2SA 3:14 betrothed; dominant in marriage context,2026-03-02,AI
H4155,מוּעָף,gloom,ALL,9:1 no gloom for her in distress,hapax; darkness/gloom sense from context,2026-03-03,AI
H4164,מוּצַק,distress,ALL,9:1 who was in distress,constriction/distress; JOB 36:16 'constriction',2026-03-03,AI
H4951,מִשְׂרָה,dominion,ALL,9:6-7 the dominion is on his shoulder,no published ULT data; royal authority/rule,2026-03-03,AI
H5430,סְאוֹן,boot,ALL,9:5 every boot of the one marching,hapax; military boot,2026-03-03,AI
H5431,סָאַן,marching,ALL,9:5 the one marching with shaking,hapax; paired with se'on (boot),2026-03-03,AI
H3980,מַאֲכֹלֶת,fuel,ALL,9:5 and 9:19 fuel of fire,no published ULT data; food/fuel for fire,2026-03-03,AI
H6272,עָתַם,scorched,ALL,9:19 the land is scorched,hapax; burned/darkened,2026-03-03,AI
H0055,אָבַךְ,rolled upward,ALL,9:18 they rolled upward in a column,hapax; billowed/rolled upward,2026-03-03,AI
H3739a,כָּרָה,bought,ALL,3:2 bought her for myself,only 1 occ in published ULT (DEU 2:6 'purchase'); 'bought' fits narrative context,2026-03-03,AI
H0809,אֲשִׁישָׁה,raisin cakes,ALL,3:1 raisin cakes of grapes,3 occ in published: 'raisin cake' dominant rendering,2026-03-03,AI
H8655,תְּרָפִים,teraphim,ALL,3:4 without ephod and teraphim,transliterated per glossary; 'teraphim' dominant in published (4/12),2026-03-03,AI
H2563c,חֹמֶר,homer,ALL,3:2 a homer of barley,only 1 occ (LEV 27:16 'a homer of'); measurement term per biblical_measurements.csv,2026-03-03,AI
H3963,לֶתֶךְ,lethek,ALL,3:2 a lethek of barley,no published ULT occurrences; transliterated per biblical_measurements.csv,2026-03-03,AI
H0422,אָלָה,swearing,ALL,4:2 infinitive absolute - oath/curse violation,Decalogue-like sin catalog context,2026-03-06,AI
H3584,כָּחַשׁ,deceiving,ALL,4:2 Piel infinitive absolute,Lying/dealing falsely in sin catalog,2026-03-06,AI
H7379,רִיב,dispute,ALL,4:1 Yahweh's dispute with people,Legal dispute/controversy sense - 17% dominant,2026-03-06,AI
H0535,אָמַל,languishes,ALL,4:3 Pulal - passive languishing,Published: languishes (1SA 2:5),2026-03-06,AI
H2184,זְנוּת,prostitution,ALL,4:11 prostitution takes heart,Not in published index; standard noun from zanah,2026-03-06,AI
H6510,פָּרָה,cow,ALL,4:16 like a stubborn cow,Feminine noun; heifer/cow. Context: stubborn animal metaphor,2026-03-06,AI
H3839,לִבְנֶה,poplar,ALL,4:13 under oak and poplar,Standard botanical identification,2026-03-06,AI
H0424,אֵלָה,terebinth,ALL,4:13 under oak and poplar and terebinth,Standard botanical identification,2026-03-06,AI
H0437,אַלּוֹן,oak,ALL,4:13 under oak,Standard botanical identification,2026-03-06,AI
H4731,מַקֵּל,staff,ALL,4:12 and their staff declares,Published: staff (GEN 32:10),2026-03-06,AI
H2415,חֹטֵר,shoot,ALL,only 1 occ in published ULT (PRO 14:3 'rod'); 'shoot' fits ISA 11:1 context,,2026-03-06,AI
H1503,גֶּזַע,stump,ALL,100% 'stump' in published ULT (JOB 14:8),,2026-03-06,AI
H5342,נֵצֶר,branch,ALL,no published data; branch/shoot from roots,,2026-03-06,AI
H5251,נֵס,banner,ALL,published ULT uses 'banner' (EXO 17:15 PSA 20:5 SNG 2:4),,2026-03-06,AI
H4334,מִישׁוֹר,uprightness,ALL,ISA 11:4 context = fairness/equity; PSA 45:6 'justice' MAL 2:6 'uprightness',,2026-03-06,AI
H6035,עָנָו,humble,ALL,PSA 25:9 'the humble' dominant rendering,,2026-03-06,AI
H4926,מִשְׁמָע,hearing,ALL,no published data; literal 'hearing of his ears',,2026-03-06,AI
H6620,פֶּתֶן,cobra,ALL,published split: 'asps' 'vipers' 'adder'; 'cobra' for clarity,,2026-03-06,AI
H6848b,צֶפַע,viper,ALL,PRO 23:32 'viper',,2026-03-06,AI
H2352,חוּר,hole,ALL,no published data; hole/opening of snake,,2026-03-06,AI
H3975,מְאוּרָה,den,ALL,no published data; den/lair of serpent,,2026-03-06,AI
H1911,הָדָה,stretch out,ALL,hapax; reach/stretch toward,,2026-03-06,AI
H4916b,מִשְׁלוֹחַ,stretching out,ALL,EST 9:19/22 'sending'; literal 'stretching out of hand',,2026-03-06,AI
H4928,מִשְׁמַעַת,obedience,ALL,1SA 22:14 2SA 23:23 'bodyguard'; ISA 11:14 = obedience/submission,,2026-03-06,AI
H5868b,עֲיָם,fierceness,ALL,hapax; scorching/fierceness of wind,,2026-03-06,AI
H0599,אָנַף,were angry,ALL,12:1 you were angry with me,dominant rendering 'was angry' 20% of 15 occ,2026-03-06,AI
H6670a,צָהַל,cry aloud,ALL,12:6 cry aloud and shout for joy,only 1 published occ (cheered EST 8:15); cry aloud fits imperative context,2026-03-06,AI
H1348,גֵּאוּת,majesty,ISA,12:5 he has done majesty,PSA 93:1 majesty; PSA 17:10 pride; majesty fits ISA context,2026-03-06,AI
H7579,שָׁאַב,draw water,ALL,12:3 draw water with joy,dominant rendering across published ULT,2026-03-06,AI
H8342,שָׂשׂוֹן,joy,ALL,12:3 draw water with joy,dominant rendering 43% of 7 occ,2026-03-06,AI
H1966,הֵילֵל,shining one,ALL,hapax; shining one / day star; literal rendering of root,ISA 14:12,2026-03-09,AI
H4062,מַדְהֵבָה,raging,ALL,hapax; meaning debated (golden city or raging oppression); raging from context,ISA 14:4,2026-03-09,AI
H4783,מֻרְדָּף,persecution,ALL,hapax; passive of rdp (pursue); persecution/pursuit without restraint,ISA 14:6,2026-03-09,AI
H8314a,שָׂרָף,fiery serpent,ALL,DEU 8:15 'fiery'; fiery serpent in ISA 14:29 context,ISA 14:29,2026-03-09,AI
H4293,מַטְבֵּחַ,slaughter,ALL,no published data; slaughtering-place/slaughter,ISA 14:21,2026-03-09,AI
H7090,קִפּוֹד,hedgehog,ALL,ZEP 2:14 'screech owl'; likely hedgehog/porcupine per modern scholarship,ISA 14:23,2026-03-09,AI
H4292,מַטְאֲטֵא,broom,ALL,hapax; broom for sweeping,ISA 14:23,2026-03-09,AI
H2894,טוּא,sweep,ALL,hapax; to sweep away,ISA 14:23,2026-03-09,AI
H1998,הֶמְיָה,sound,ALL,hapax; murmuring/sound of music,ISA 14:11,2026-03-09,AI
H4374,מְכַסֶּה,covering,ALL,LEV 9:19 'that which covers'; covering,ISA 14:11,2026-03-09,AI
H4151,מוֹעָד,ranks,ALL,no published data; appointed places/ranks,ISA 14:31,2026-03-09,AI
H6767a,צְלָצַל,whirring,ALL,ISA 18:1 whirring of wings (hapax in this sense for buzzing/whirring insects),,2026-03-12,AI
H6735a,צִיר,envoys,ALL,ISA 18:2 dominant rendering 'envoy' in PRO 13:17 PRO 25:13,,2026-03-12,AI
H4900,מָשַׁךְ,tall (Pual),ALL,ISA 18:2 Pual 'drawn out' = tall; existing ULT alignment uses 'tall',,2026-03-12,AI
H6978,קַו־קַו,line line,ALL,ISA 18:2 hapax; preserved Hebrew doubling literally per ULT policy,,2026-03-12,AI
H7862,שַׁי,tribute,ALL,ISA 18:7 existing ULT alignment uses 'tribute',,2026-03-12,AI
H6972,קוּץ,spend the summer,ALL,ISA 18:6 denominative from qayits (summer),,2026-03-12,AI
H2778b,חָרַף,spend the winter,ALL,ISA 18:6 denominative from choreph (autumn/winter),,2026-03-12,AI
H4853b,מַשָּׂא,burden,ALL,prophetic oracle heading; 'burden' in MAL 1:1 and 2KI 9:25,,2026-03-16,AI
H2380,חָזוּת,vision,ALL,no published data; standard meaning from root chazah (to see),,2026-03-16,AI
H2479,חַלְחָלָה,anguish,ALL,no published data; hapax - writhing/anguish/trembling,,2026-03-16,AI
H6427,פַּלָּצוּת,horror,ALL,PSA 55:5 'horror' JOB 21:6 'trembling'; horror fits ISA 21:4 context,,2026-03-16,AI
H2837,חֵשֶׁק,desire,ALL,1KI 9:1/19 'desire'; twilight of my desire,,2026-03-16,AI
H6844,צָפִית,carpet,ALL,hapax; covering/carpet spread for banquet,,2026-03-16,AI
H4098,מְדֻשָּׁה,threshed one,ALL,hapax; from dush (thresh); my threshed one = Israel as threshed grain,,2026-03-16,AI
H0736,אֹרְחָה,caravans,ALL,GEN 37:25 'a caravan of'; plural caravans,,2026-03-16,AI
H3514,כֹּבֶד,heaviness,ALL,PRO 27:3 'the heaviness of'; heaviness of war,,2026-03-16,AI
H7101,קָצִין,commander,ALL,dominant rendering 60% of 5 occ,,2026-03-16,AI
H5532,סָכַן,steward,ALL,contextual; participle used as title in ISA 22:15,,2026-03-16,AI
H4539,מָסָךְ,covering,ALL,16.7% rendering; used metaphorically for defense,,2026-03-16,AI
H5402,נֶשֶׁק,weaponry,ALL,20% rendering; collective sense of weapons,,2026-03-16,AI
H2904,טוּל,hurl,ALL,dominant rendering 18% of 11 occ,,2026-03-16,AI
H6801,צָנַף,wind up,ALL,only 1 prior occurrence; wrap/wind,,2026-03-16,AI
H4668,מַפְתֵּחַ,key,ALL,only 1 prior occ rendered 'opener'; 'key' fits context,,2026-03-16,AI
H6849,צְפִעָה,offshoot,ALL,hapax; related to growth/branching,,2026-03-16,AI
H1754b,דּוּר,ball,ALL,hapax; context of rolling/throwing,,2026-03-16,AI
H3213,יָלַל,wail,ALL,dominant rendering 75% of 4 occ,,2026-03-17,AI
H0339,אִי,coastland,ALL,dominant rendering; singular for singular,,2026-03-17,AI
H5947,עַלִּיז,exultant,ALL,dominant rendering in ZEP,,2026-03-17,AI
H1347,גָּאוֹן,pride,ALL,dominant rendering 30% of 10 occ,,2026-03-17,AI
H6643a,צְבִי,splendor,ALL,only occurrence 2SA 1:19,,2026-03-17,AI
H5504,סַחַר,profit,ALL,dominant rendering PRO 3:14 and 31:18,,2026-03-17,AI
H0868,אֶתְנַן,wages,ALL,only occurrence DEU 23:18,,2026-03-17,AI
H3658,כִּנּוֹר,harp,ALL,dominant rendering across 17 occ,,2026-03-17,AI
H0759,אַרְמוֹן,citadels,ALL,dominant rendering PSA 48:13,,2026-03-17,AI
H7654,שׇׂבְעָה,satiety,ALL,only occurrence HAG 1:6,,2026-03-17,AI
H6331,פּוּר,frustrated,ALL,Hiphil - frustrated the counsel of nations,no published ULT data - Hiphil = break/frustrate,2026-03-17,AI
H7688,שָׁגַח,gazed,ALL,from the place of his dwelling he gazed,only 1 occ in SNG 2:9 = gazing,2026-03-17,AI
H5000,נָאוֶה,fitting,ALL,praise is fitting for the upright,suitable/lovely in published ULT - fitting best for praise context,2026-03-17,AI
H1238b,בָּקַק,emptying/emptied,ALL,24:1 24:3 emptying the earth,No published ULT data; literal rendering of root bqq,2026-03-17,AI
H1110,בָּלַק,laying waste,ALL,24:1 laying it waste,No published ULT data; devastate/lay waste,2026-03-17,AI
H5753a,עָוָה,twisted,ALL,24:1 twisted its face,No published ULT data; twist/distort,2026-03-17,AI
H8492,תִּירוֹשׁ,new wine,ALL,24:7 the new wine mourns,Dominant rendering across published ULT,2026-03-17,AI
H7151,קִרְיָה,city,ALL,24:10 the city of chaos,Dominant rendering 'city' 27% of 11 occ,2026-03-17,AI
H6354,פַּחַת,pit,ALL,24:17-18 terror pit and snare wordplay,Only 3 occ all rendered 'pit',2026-03-17,AI
H0699,אֲרֻבָּה,windows,ALL,24:18 windows from on high,Dominant rendering 40% of 5 occ; echoes Gen 7:11,2026-03-17,AI
H7591,שְׁאִיָּה,ruin,ALL,24:12 with ruin the gate is battered,No published data; desolation/ruin,2026-03-17,AI
H4213,מִזְעָר,few,ALL,24:6 man of few is left,No published data; fewness/smallness,2026-03-17,AI
H2787,חָרַר,scorched,ALL,24:6 dwellers of earth are scorched,Published split; 'scorched' fits judgment context,2026-03-17,AI
H0217b,אוּר,east,ALL,24:15 in the east glorify Yahweh,Context: fires/lights = eastern regions,2026-03-17,AI
H3585,כַּחַשׁ,lies,ALL,7:3 by their lies the princes,JOB 16:8 'leanness' but HOS context = deception/lies,2026-03-17,AI
H3945,לָצַץ,mockers,ALL,7:5 with the mockers,No published data; Qal participle = scorners/mockers,2026-03-17,AI
H5920,עַל,upward,ALL,7:16 not upward,Adverb 'upward/on high' - not the preposition,2026-03-17,AI
H3852,לֶהָבָה,flame,ALL,7:6 fire of flame,Standard meaning; fire imagery,2026-03-17,AI
H1101a,בָּלַל,mixes himself,ALL,7:8 Hitpolel reflexive - mixes among peoples,No published data for reflexive form,2026-03-17,AI
H5102b,נָהַר,were radiant,ALL,PSA 34:5 published ULT uses 'radiant',No Strong's index entry; confirmed from published ULT PSA 34:5,2026-03-19,AI
H4034,מְגוֹרַה,fears,ALL,PSA 34:4 published ULT uses 'fears'; only 1 other occ (PRO 10:24 'terror'),,2026-03-19,AI
H1793a,דַּכָּא,crushed,ALL,"PSA 34:18 'the crushed of spirit'; no index entry, standard rendering",,2026-03-19,AI
H6184,עָרִיץ,ruthless,ALL,"ISA 25:3,4,5 - published ULT uses 'ruthless' in ISA 25; PRO 11:16 'ruthless'",,2026-03-20,AI
H4581,מָעוֹז,fortress,ALL,"ISA 25:4 - varied in published: fortress, refuge, stronghold, protection; 'fortress' matches published ISA 25",,2026-03-20,AI
H0544,אֹמֶן,trustworthiness,ALL,ISA 25:1 - hapax; paired with emunah (faithfulness); 'trustworthiness' preserves distinct meaning,,2026-03-20,AI
H8105,שֶׁמֶר,aged wines,ALL,ISA 25:6 - lit. 'lees/sediment'; ZEP 1:12 'sediment'; 'aged wines' in feast context per published ULT,,2026-03-20,AI
H6004,עָמַם,tarnished,ALL,LAM 4:1 Hiphil - gold becoming dim/tarnished,Only occurrence in published ULT; matches published LAM rendering,2026-03-24,AI
H8132,שָׁנָא,changed,ALL,LAM 4:1 gold has changed,Matches 2KI 25:29 pattern (100%),2026-03-24,AI
H5139,נָזִיר,Nazirites,ALL,LAM 4:7 her Nazirites were purer than snow,Could be princes/nobles but Nazirite is dominant published rendering,2026-03-24,AI
H6443,פָּנִין,corals,ALL,LAM 4:7 more ruddy than corals,Published uses coral/coral pearls/rubies; corals fits body description context,2026-03-24,AI
H5036,נָבָל,fool,ALL,ISA 32:5-6 - adjectival noun used substantively,"Published PSA has ""The fool"" (PSA 14:1, 53:1); biblical_phrases has ""worthless one""; ""fool"" is dominant in context of moral/spiritual foolishness",2026-03-26,AI
H3596,כִּילַי,scoundrel,ALL,"ISA 32:5,7 - only 2 OT occurrences, both in ISA 32","No published ULT data; ""scoundrel"" captures the sense of villainy/treachery in context",2026-03-26,AI
H5081,נָדִיב,noble,ALL,"ISA 32:5,8 - adjective used substantively, contrasted with fool/scoundrel","Published ULT has ""nobles"" (1SA 2:8), ""a noble"" (PRO 19:6, 25:7); adjectival use fits context",2026-03-26,AI
H3759,כַּרְמֶל,orchard,ALL,ISA 32:15-16 - not proper noun Carmel; common noun meaning fertile/cultivated land,"Published ISA ULT uses ""orchard""; published elsewhere has ""garden"" (2KI 19:23) and ""fresh grain"" (LEV); orchard fits cultivated-land sense",2026-03-26,AI
H7814,שְׂחֹק,laughingstock,ALL,LAM 3:14 predicate noun for a person,Not 'a laughter' — use conventional English noun,2026-03-30,human
H2781,חֶרְפָּה,reproach,LAM,LAM 5:1 our reproach,Dominant published rendering at 10% across 50 occ; published LAM 5 uses disgrace but reproach is more literal,2026-04-01,AI
H7999b,שָׁלַם,the one at peace,ALL,ISA 42:19 Pual participle kimshullam; debated whether proper name or 'one made whole/at peace',Pual of shalam = made complete/at peace; rendered descriptively rather than as proper name Meshullam,2026-04-09,AI
H6351,פָּחַח,trapped,ALL,ISA 42:22 hapax; only 1 occ in published ULT,published ULT uses 'trapped' in ISA 42:22,2026-04-09,AI
H5807,עֱזוּז,violence,ALL,ISA 42:25 'violence of war'; PSA 78:4 'strength'; PSA 145:6 'strength',context of war/destruction warrants 'violence' over 'strength',2026-04-09,AI
H1350a,גָּאַל,redeemed / Redeemer,ISA,"ISA 43:1 (verb), 43:14 (participle as title)",Qal perfect = redeemed; Qal participle substantive = Redeemer (agent noun),2026-04-10,AI
H3724a,כֹּפֶר,ransom,ISA,ISA 43:3 - Egypt as ransom price,,2026-04-10,AI
H2764a,חֵרֶם,destruction,ISA,ISA 43:28 - give Jacob to destruction,,2026-04-10,AI
H1421,גִּדּוּף,reviling,ISA,ISA 43:28 - Israel to reviling; matches published ULT,,2026-04-10,AI
H3452,יְשִׁימוֹן,wasteland,ISA,ISA 43:19-20 - rivers in the wasteland,,2026-04-10,AI
H7854,שָׂטָן,the adversary,ALL,ZEC 3,With article ha-satan; follows Job published ULT pattern (adversary 43.5% dominant); more literal than transliteration Satan,2026-04-10,AI
H6603,פִּתּוּחַ,engraving,ALL,ZEC 3:9,Published ULT uses inscription; engraving is dominant Strong's rendering,2026-04-10,AI
H5749b,עוּד,solemnly charged,ALL,ZEC 3:6,Hiphil of ud = to solemnly charge/admonish; published ULT had Next which loses the verb meaning,2026-04-10,AI
H6960a,קָוָה,waited (inf abs: Waiting, I waited),ALL,PSA 40:1 infinitive absolute + perfect qavoh qivviti,Inf abs pattern preserved as reduplication per ULT rules. Published ULT has 'patiently' which obscures the form.,2026-04-13,AI
H3738b,כָּרָה,dug,ALL,PSA 40:6 ears you have dug for me,Literal idiom preserved. Published ULT has 'opened' which is interpretive. Hebrew idiom should stay literal for TN explanation.,2026-04-13,AI
H7588,שָׁאוֹן,roaring,ALL,PSA 40:2 pit of roaring,"Construct chain preserved literally. Published ULT has 'horrible' which is interpretive. Other occurrences: roar (PSA 65), uproar, tumult.",2026-04-13,AI
H4578,מֵעֶה,inward parts,ALL,PSA 40:8 in the midst of my inward parts,Body-part idiom preserved literally per ULT rules. Published has 'heart' which is interpretive.,2026-04-13,AI
H7286,רָדַד,subdue,ALL,ISA 45:1 - Qal infinitive construct; nations before Cyrus,PSA 144:1 'subduing'; published ULT ISA 45 uses 'subdue',2026-04-14,AI
H1921,הָדַר,rough places,ALL,ISA 45:2 - plural noun hadurim; uneven/rough terrain,Published ULT has 'mountains'; root hadar can mean swelling/uneven ground; paired with yashar (level),2026-04-14,AI
H3655,כָּנָה,gave a title of honor,ALL,ISA 45:4 - Piel 1cs with 2ms suffix; bestowing honorary title on Cyrus,JOB 32:6 'give a title'; published ULT ISA 45:4 'gave you a name of honor',2026-04-14,AI
H7491,רָעַף,drip down,ALL,ISA 45:8 - Hiphil imperative; heavens dripping/raining,PSA 65 'drip'; published ISA 45 'Rain down'; 'drip' is more literal for the root,2026-04-14,AI
H6736,צִיר,idols,ALL,ISA 45:16 - craftsmen of idols/images,Only 1 published occurrence; 'idols' matches published ULT ISA 45:16,2026-04-14,AI
H0857,אָתָה,the things to come,ALL,ISA 45:11 - Qal participle feminine plural with article; things that are coming,Published ULT ISA uses 'signs' but root means 'come'; participle = 'coming things/things to come',2026-04-14,AI
H5861,עַיִט,bird of prey,ALL,ISA 46:11 - calling from the east a bird of prey,"GEN 15:11 'birds of prey', JOB 28:7 'bird of prey' in published ULT; published ISA 46 has 'hawk' but broader pattern favors 'bird of prey'",2026-04-15,AI
H7164,קָרַס,stoop,ALL,ISA 46:1-2 - Nebo stoops; they stooped together,"Only 4 occurrences, all in ISA 46. Published ULT: 'stoops' (v1 ptc), 'bend low' (v2 perfect)",2026-04-15,AI
H0047,אַבִּיר,mighty,ALL,ISA 46:12 - mighty of heart (construct chain),19.4% dominant; published ISA 46:12 uses 'bull-hearted' compound but construct chain 'mighty of heart' is more literal per ULT-gen rules,2026-04-15,AI
H0377,אִישׁ,be firm,ALL,ISA 46:8 - Hithpolel imperative 'be firm',"Only 3 occurrences, all ISA 46. Hithpolel = show oneself a man, be firm. Published: 'be firm'",2026-04-15,AI
H5445,סָבַל,carry,ALL,"ISA 46:4,7 - I will carry; they carry it","15.8% 'carry', 15.8% 'bear'; both valid. 'carry' used for sabal to distinguish from nasa (bear/lift)",2026-04-15,AI
H2107,זוּל,pour out,ALL,ISA 46:6 - the ones pouring out gold from a bag,Only 6 occurrences. Published ISA 46 'pour out'. LAM 1 'despised' (different sense),2026-04-15,AI
H6780,צמח,the Branch,ZEC,ZEC 3:8 messianic title; published ULT and ZEC 6:12 precedent,"Use title case with article in this prophetic context, not generic 'branch'",2026-04-16,AI
H4108,מַהְלְכִים,access,ZEC,ZEC 3:7 only occurrence,Retain abstract noun 'access' per published precedent; UST may paraphrase as permission to come freely,2026-04-16,AI
H5719,עָדִין,luxuriant {one},ALL,ISA 47:8 - adjective used as vocative,"Form-based: adjective, not passive participle. 'Overindulged' suggests passive participle. Editor ISA 47:8.",2026-04-20,human
H1895,הָבַר,dividers,ALL,ISA 47:13 - Qal participle mpc - those who divide/chart the heavens,rare verb (3 occ); agent-noun form for astrologers who divide heavens into zones,2026-04-16,AI
H1943,הֹוָה,ruin,ALL,ISA 47:11 - only 1 occurrence in published ULT,published ULT uses 'ruin' for this hapax; calamity/disaster sense,2026-04-16,AI
H7640,שֹׁבֶל,train,ALL,ISA 47:2 - flowing skirt/garment train,2 occurrences; published ULT ISA 47 uses 'train',2026-04-16,AI
H2413,חָטַם,hold back,ALL,ISA 48:9 - I will hold back for you,Rare word (4 occ). Published ULT ISA 48 has 'hold back'. Meaning: restrain/muzzle.,2026-04-17,AI
H6090b,עֹצֶב,idol,ALL,ISA 48:5 - My idol did them,"H6090b = idol (from root meaning pain/labor, something fashioned). Distinct from H6090a = pain/hurtfulness.",2026-04-17,AI
H1517,גִּיד,sinew,ALL,ISA 48:4 - a sinew of iron is your neck,Published has muscle/sinew. 'Sinew' preserves body-part imagery for literalness. Construct chain: sinew of iron.,2026-04-17,AI
H3816,לְאֹם,peoples,ALL,ISA 49:1 parallel with coastlands,"dominant rendering 21% of 70 occ; ""peoples"" fits parallel with coastlands",2026-04-17,AI
H5764,עוּל,nursing child,ALL,ISA 49:15 a woman forgetting her nursing child,suckling infant; more literal than baby,2026-04-17,AI
H8273,שָׁרָב,scorching heat,ALL,ISA 49:10 heat and sun will not strike them,parched ground / scorching heat; ISA 35:7 uses parched ground,2026-04-17,AI
H7057,קִמּוֹשׁ,nettles,ALL,HOS 9:6 nettles will possess; matches ISA 34 rendering,Only 3 occurrences; ISA 34 uses nettles,2026-04-17,AI
H4895,מַשְׂטֵמָה,hostility,ALL,HOS 9:7-8 great hostility / hostility in the house,Only 3 occurrences all in HOS 9; published ULT uses hostility,2026-04-17,AI
H7966,שִׁלּוּם,retribution,ALL,HOS 9:7 the days of retribution,"100% retribution in published (2 occ: ISA 34, HOS 9)",2026-04-17,AI
H5790,עוּת,sustain,ISA,ISA 50:4 - to sustain the weary with a word,Rare verb (2 occ); published ULT ISA 50 uses 'give' but root means sustain/help,2026-04-20,AI
H1460a,גֵּו,back,ALL,ISA 50:6 - I gave my back to the ones striking,Published ULT ISA 50 also uses 'back',2026-04-20,AI
H4620,מַעֲצֵבָה,anguish,ALL,ISA 50:11 - in anguish you will lie down,Only 2 occ; published ULT ISA 50 uses 'anguish',2026-04-20,AI
H4718b,מַקֶּבֶת,excavation,ALL,ISA 51:1 - excavation of the cistern,Rare word (hapax). Root meaning is 'to bore/dig'. Refers to the hollowing out of a cistern. Master ULT uses 'mouth' which is less precise.,2026-04-20,AI
H6808,צָעָה,bowed down,ALL,ISA 51:14 - he who is bowed down,"Rare verb meaning to crouch, stoop, bow down - refers to captive/prisoner. Master ULT uses 'crouches'.",2026-04-20,AI
H6907,קֻבַּעַת,goblet,ALL,"ISA 51:17,22 - goblet of the cup of staggering",Rare word - a large bowl/goblet. Used only in ISA 51. Master ULT also uses 'goblet'.,2026-04-20,AI
H1238a,בָּקַק,emptying,ALL,HOS 10:1 emptying vine (Qal participle),Quick-ref has H1238b as emptying/emptied; same root applied to vine metaphor,2026-04-20,AI
H3649,כָּמָר,idolatrous priests,ALL,HOS 10:5 its idolatrous priests,27% in published as 'priests' with 'idol' modifier; always refers to pagan/idolatrous priests,2026-04-20,AI
H7110b,קֶצֶף,twig,ALL,HOS 10:7 like a twig on the face of the waters,H7110b distinct from H7110a (wrath); means foam/twig/chip floating on water,2026-04-20,AI
H5932,עַלְוָה,injustice,ALL,HOS 10:9 sons of injustice,Hapax legomenon; only in HOS 10:9,2026-04-20,AI
H1317,בׇּשְׁנָה,shame,ALL,HOS 10:6 Ephraim will receive shame,Hapax legomenon; only in HOS 10:6; 100% shame in published,2026-04-20,AI
H3377,יָרֵב,Jareb,ALL,HOS 10:6 King Jareb; treated as proper name per UHB Np tag,Debated: possibly epithet 'the great king' or 'the contentious one' but UHB tags as proper noun,2026-04-20,AI
H0227b,אָז,from then,ALL,"ISA 48:3,5,7,8 - מֵאָז rendered 'from then'",Consistent rendering of מֵאָז as 'from then' not 'from of old'. Editor ISA 48 (4x).,2026-04-20,human
H0637,אַף,indeed,ALL,"ISA 48:12,13,15 - emphatic particle",When used emphatically (not as 'also'), render as 'indeed'. Distinct from H0639 (nose/anger). Editor ISA 48.,2026-04-20,human
H6908,קָבַץ,gather,ALL,ISA 48:14 - Niphal imperative,"Use 'gather' for קבץ; use 'assemble' for H0622 אָסַף. Distinguishes the two verbs. Editor ISA 48:14.",2026-04-20,human
H5337,נָצַל,deliver,ALL,ISA 47:14 - Hiphil - deliver souls from flame,Project preference: 'deliver' not 'rescue' for נצל Hiphil. Editor ISA 47:14.,2026-04-20,human
H0376,אִישׁ,a man,ALL,ISA 47:15 - A man will wander to his side,"Use 'a man' (indefinite) not 'each' for אִישׁ in distributive contexts. Editor preference. ISA 47:15.",2026-04-20,human
H1869,דָּרַךְ (Hiphil),making [X] tread,ALL,ISA 48:17 - the one making you tread in the way,"Show Hiphil causative explicitly; use root 'tread' which resonates throughout Isaiah. Not 'leading'. Editor ISA 48:17.",2026-04-20,human
H6440,פָּנִים,to [X] face,ALL,ISA 48:19 - destroyed from to my face,"Render לְפָנַי as 'to my face' (not 'before my face' which is double translation). Keep preposition preceding. Editor ISA 48:19.",2026-04-20,human
H3427,יָשַׁב,dweller,ALL,ISA 49:19 - singular participle מִיּוֹשֵׁב,"Use singular agent noun. Prefer 'dweller' over 'inhabitant' for יֹשֵׁב here; not plural 'inhabitants'.",2026-04-21,human
H7923,שִׁכֻּלִים,bereavements,ALL,ISA 49:20 - sons of your bereavements,"Hebrew is plural; render 'bereavements' not singular 'bereavement'.",2026-04-21,human
H7628a,שְׁבִי,captive,ALL,"ISA 49:24-25 - singular noun in captive/captive of a warrior","Use singular 'captive' in both verses, not plural 'captives'.",2026-04-21,human
H4147,מוֹסֵר,bonds,ALL,ISA 52:2 - bonds of your neck; dominant rendering 23.5%,"Published ISA 52 uses 'chains'; 'bonds' is dominant in index (PSA 2, 107, 116)",2026-04-21,AI
H4893a,מִשְׁחָת,disfigurement,ALL,ISA 52:14 - disfigurement beyond a man; published ULT also uses disfigured,Hebrew noun, not passive verb; preserve the noun form.,2026-04-21,AI
H8074,שָׁמַם,marveled / desolated,ALL,"ISA 52:14 Qal - marveled at you (not 'were appalled'); ISA 54:3 Niphal ptcp - desolated cities (not 'desolate cities')","Stem-dependent: Qal/stative → active rendering 'marveled' (do not convert to passive); Niphal participle → passive verbal form 'desolated' not plain adjective 'desolate'. ISA 54:3 נְשַׁמּוֹת = desolated (cities).",2026-04-27,human
H8085,שָׁמַע,make hear,ALL,ISA 52:7 - making {one} hear; not 'announcing',"Hiphil causative should stay explicit: 'making {one} hear' / 'causing to hear' rather than flattening to 'announce'.",2026-04-21,human
H5137b,נָזָה,sprinkle,ALL,ISA 52:15 - he will sprinkle many nations; Hiphil 3ms,Hiphil of nazah = sprinkle (cultic usage in LEV); published ISA 52 also uses 'sprinkle',2026-04-21,AI
H2649,חִפָּזוֹן,haste,ALL,ISA 52:12 - not go out in haste; dominant rendering 28.6%,"Published ISA 52 uses 'rush'; 'haste' is dominant in index (EXO 12:11, DEU 16:3)",2026-04-21,AI
H7919a,שָׂכַל,act wisely,ALL,ISA 52:13 - my servant will act wisely; Hiphil 3ms,Published ISA 52 and PSA 2:10 both use 'act wisely' for Hiphil; EXO 1:10 also uses 'act wisely',2026-04-21,AI
H3928,לִמּוּדִים,learned,ALL,ISA 50:4 tongue of the learned,"Agent noun plural; preserves literal form over 'the disciples' or 'the trained'.",2026-04-21,human
H0518,אִם,if,ALL,ISA 50:2 disjunctive rhetorical questions,"Render אִם...לֹא as 'if...why' not 'whether'; preserves interrogative force. See H0518 in quick-ref context.",2026-04-21,human
H7337,רָחָב,being short,ALL,ISA 50:2 intransitive verbal sense,"Intransitive קָצַר used here for H7337 idiom of insufficiency; render verbal form 'being short' not nominal 'shortening'.",2026-04-21,human
H3068+H6635,יְהוָה צְבָאוֹת,Yahweh of Armies,ALL,divine title throughout Isaiah,"Never 'Yahweh of hosts' (archaic). Always 'Yahweh of Armies'. See H6635b entry for Armies decision.",2026-04-21,human
H3254,יָסַף,add,ALL,ISA 51:22 I will add no more; ISA 52:1 keep the double clause,"Hiphil 'to add'; not 'again' (which loses the verbal force). Keep the separate clauses in ISA 52:1: 'will not add, he will not enter.' Render 'add...again' if adverb is needed.",2026-04-21,human
H6924,קֶדֶם,antiquity,ALL,ISA 51:9 arm of antiquity / arm of the days of antiquity,"Hebrew noun not adjective; not 'ancient' or 'of old'. Extends PSA 74 entry (same rule applies in ISA 51:9).",2026-04-21,human
H1755,דּוֹר,generation,ALL,ISA 51:8 construct chain דּוֹר דּוֹרִים — generation of generations,"Preserve both construct and plural; not 'generation after generation' (adds implied word). See literalness_patterns.md.",2026-04-21,human
H4390,מָלֵא,being full,ISA,ISA 51:20 - Qal active participle; stative; render as active not passive,"Qal stative participle of male"". ISA 51:20 editor ruling: active participle must not be rendered as passive bare past participle (""filled""). Use ""being full"". Existing SKILL rule violated; data-row reinforces specific case.",2026-04-21,human
H3605,כָּל,all of the [noun],ALL,"ISA 51:13,18,20; ISA 52:5,10; ISA 54:5,10,13 — construct כָּל before definite noun","Render as ""all of the"" (not ""all the"") when כָּל is in construct with a definite noun. The ""of"" marks the construct relationship. Rule in literalness_patterns.md §Construct Chains; Partitive kol in project_glossary.md. ISA 54 examples: 54:5 'all of the earth', 54:10 'all of your borders', 54:13 'all of your sons'.",2026-04-27,human
H1121,בֵּן,sons of,ISA,"ISA 54:1 sons of the desolated one (×2)","Render as 'sons of' not 'children of' — בֵּן is male offspring; 'children' is gender-neutral and less literal. ISA 54:1 has two occurrences of בְּנֵי.",2026-04-27,human
H6723,צִיָּה,dryness,ISA,"ISA 53:1 from ground of dryness (not 'from dry ground')","Construct chain must be preserved: noun + of + noun. The Hebrew צִיָּה is a noun (dryness) not an adjective; render as 'ground of dryness'. Per literalness_patterns.md §Construct Chains.",2026-04-27,human
H6352,פֶּחָם,coal,ISA,"ISA 54:16 who fans the coal into flame","Hebrew is singular; render 'coal' not 'coals'. Number morphology must match Hebrew.",2026-04-27,human
H6771,צָמֵא,the thirsty / everyone thirsty,ALL,ISA 55:1 kol-tsame — substantive adjective,Qal adjective used as substantive noun; render as nominal adjective not relative clause. 'everyone thirsty' not 'all who are thirsty'. See literalness_patterns.md §Substantive Adjectives.,2026-04-27,human
H2896,טוֹב,the good,ALL,ISA 55:2 ha-tov — substantive adjective with article,Nominal adjective; do not expand to relative clause 'what is good'. 'the good' is the correct form. See literalness_patterns.md §Substantive Adjectives.,2026-04-27,human
H0226,אוֹת,a sign of,ALL,ISA 55:13 construct chain with eternity,In construct chain preserve genitive: 'a sign of eternity' not 'an everlasting sign'. See literalness_patterns.md §Construct Chains §Adjective-noun collapse forbidden.,2026-04-27,human
H6965,קוּם,rising,ISA,"ISA 54:17 every tongue rising against you (not that rises)","Yiqtol used as relative modifier without explicit Hebrew relative pronoun; render participially (rising), not as English relative clause (that rises). See literalness_patterns.md §Relative Clauses ISA 54:17 ruling.",2026-04-27,human
H2063,זֹאת,this,ALL,JER and all books — feminine demonstrative הַזֹּאת / זֹאת,"Align זֹאת (including prefixed-article form הַזֹּאת) to 'this'. The ה prefix is the definite article absorbed into the demonstrative force and must NOT be rendered as a separate 'the'. Do not leave the token unaligned. Reported: Jeremiah BP — Grant Ailie (closes #63).",2026-05-04,human
H0639,אַף,nose,ALL,body-part idiom for anger (nose/nostrils flare; orig. context PSA 69:24),Preserve body-part idiom. Not 'anger'. Consistent with literal ULT philosophy.,2025-02-10,AI
H1361,גָּבַהּ,high,ALL,131:1 heart has not been high,Qal 'to be high'; PRO 16:5 'high of heart' same concept. Not 'haughty' (too interpretive).,2026-02-12,AI
H5769,עוֹלָם,eternities,ALL,145:13 kingdom of all of eternities,Plural עוֹלָמִים = 'eternities'. Singular = 'forever/ages'. Editor PSA 145.,2026-02-23,human
H7356b,רַחַם,compassions,ALL,145:9 his compassions are over all of his works,Plural = 'compassions'. Not singular 'compassion'. Editor PSA 145.,2026-02-23,human
H4893a,מִשְׁחָת,disfigured,ALL,ISA 52:14 - disfigured beyond a man; published ULT also uses disfigured,,2026-04-21,AI
H3126,יוֹנֵק,shoot,ALL,ISA 53:2 - young plant/shoot growing up,Only 3 occ in published ULT; published ISA 53 uses 'shoot',2026-04-21,AI
H4564,מַסְתֵּר,hiding,ALL,ISA 53:3 - like a hiding of faces from us,Rare word (6 occ); construct chain 'hiding of faces' preserved literally,2026-04-21,AI
H2310,חָדֵל,rejected,ALL,ISA 53:3 - rejected of men,Only 4 occ; published ISA 53 uses 'rejected',2026-04-21,AI
H6115,עֹצֶר,coercion,ALL,ISA 53:8 - from coercion and from judgment,Only 8 occ; published ISA 53 uses 'coercion',2026-04-21,AI
H0817,אָשָׁם,guilt offering,ALL,ISA 53:10 - if his soul places a guilt offering,Index dominant: guilt (29.2%) + offering (25.7%); sacrificial context warrants full term 'guilt offering',2026-04-21,AI
H6168,עָרָה,exposed,ALL,ISA 53:12 - he exposed his soul to death,Hiphil = laid bare/exposed; published ISA 53 also uses 'exposed',2026-04-21,AI
H4148,מוּסָר,discipline,ALL,ISA 53:5 - the discipline of our peace was on him,"Index has instruction (22%), correction (14.6%), discipline (7.3%). In ISA 53:5 construct ""discipline of our peace"" preserves the Hebrew noun form literally.",2026-04-22,AI
H2250,חַבּוּרָה,wounds,ALL,ISA 53:5 - by his wounds it is healed for us,"bruise (16.7%), wounds (11.1%); 'wounds' fits ISA 53 context and matches published master ULT",2026-04-22,AI
H5999,עָמָל,trouble,ALL,ISA 53:11 - from the trouble of his soul,"Dominant rendering 35.8% of 53 occ. Also 'toil' (3.8%), 'labor' (1.9%); 'trouble' is the clear precedent.",2026-04-22,AI
H8241,שֶׁצֶף,flood,ALL,"ISA 54:8 ""in a flood of wrath""","hapax; master ULT has ""flood""; outburst/overflow of anger",2026-04-22,AI
H3539,כַּדְכֹּד,rubies,ALL,"ISA 54:12 ""I will make your battlements of rubies""",hapax; precious red stone; published ULT ISA 54 uses rubies,2026-04-22,AI
H0688,אֶקְדָּח,beryl,ALL,"ISA 54:12 ""stones of beryl""",hapax; fiery/sparkling stone; published ULT ISA 54 uses beryl,2026-04-22,AI
H6320,פּוּךְ,turquoise,ALL,"ISA 54:11 ""setting your stones in turquoise""",cosmetic paint (2KI 9:30) or antimony/turquoise stone; turquoise in building context per published ULT,2026-04-22,AI
H4288,מְחִתָּה,terror,ALL,"ISA 54:14 ""from terror, for it will not come near to you""",ruin (33%) and terror (9.5%) in published; terror fits ISA 54 context of fear/threat,2026-04-22,AI
H7918,שָׁכַךְ,subside (Qal); cause to subside (Hiphil),ALL,"NUM 17:5 Hiphil causative; Qal ""subsided"" in GEN 8:1, EST 2:1, 7:10","Hiphil preserves causative form matching Qal precedent ""subsided""",2026-04-24,AI
H8519,תְּלוּנָה,murmurings,ALL,"NUM 17:5,10; matches EXO 16:7-12 published rendering",,2026-04-24,AI
H4805,מְרִי,rebellion,ALL,"NUM 17:10; dominant rendering 40% of 10 occ across DEU, 1SA, NEH",,2026-04-24,AI
H1478,גָּוַע,expire,ALL,"NUM 17:12,13; matches GEN 6:17, 7:21, JOB precedent",,2026-04-24,AI
H4501,מְנוֹרָה,lampstand,ALL,"ZEC 4:2,11 - dominant rendering 44% of 50 occ",Consistent with Exodus/Kings published ULT,2026-04-24,AI
H1543,גֻּלָּה,bowl,ALL,"ZEC 4:2,3 - bowl on top of lampstand",ZEC context is reservoir bowl; 'springs' used in Joshua; 'bowls' in Kings temple context,2026-04-24,AI
H4166,מוּצָקָה,tubes,ALL,ZEC 4:2 - only occurrence; tubes/pipes for lamps,Published ULT ZEC 4:2 uses 'tubes'; hapax legomenon,2026-04-24,AI
H6804,צַנְתָּרָה,pipes,ALL,ZEC 4:12 - gold pipes from olive branches,Only occurrence; published index shows 'pipes',2026-04-24,AI
H0913,בְּדִיל,tin,ALL,ZEC 4:10 - the stone of tin in Zerubbabel's hand,Literal construct 'stone of tin' preserves Hebrew; ISA 1:25 uses 'impurity' in metallurgy context but ZEC context is building stone,2026-04-24,AI
H7641b,שִׁבֹּל,branches,ALL,ZEC 4:12 - branches of the olives,Literally 'ears/branches'; olive tree context favors 'branches',2026-04-24,AI
H3323,יִצְהָר,fresh oil,ALL,ZEC 4:14 - sons of the fresh oil,Distinct from shemen (H8081); yitshar = freshly pressed oil. Preserves construct chain literally per ULT-gen rules,2026-04-24,AI
H8663,תְּשֻׁאָה,shouts,ALL,ZEC 4:7 - shouts of Grace Grace,Published index shows 'shouts' for ZEC 4:7; JOB uses 'thunder/noise',2026-04-24,AI
H1957,הָזָה,dreaming,ALL,"ISA 56:10 - Qal participle masculine plural, rare word (2 occ total)",Only other occurrence is ISA 56:10 itself in master ULT. Root means to dream/fantasize. Participle = dreaming.,2026-04-27,AI
H5024,נָבַח,bark,ALL,"ISA 56:10 - Qal infinitive construct, only 2 occ total",Rare verb meaning to bark (of dogs). Clear context in ISA 56:10 with dogs metaphor.,2026-04-27,AI
H5433a,סָבָא,drink deeply,ALL,"ISA 56:12 - Qal cohortative 1cp, means to imbibe/drink heavily",Root means to drink deeply/imbibe. Cohortative form = let us drink deeply. Master ULT has imbibe.,2026-04-27,AI
H3335,יָצַר,potter / forming,ALL,"JER 18 potter metaphor; participle = ""potter"" (agent noun); active verb = ""forming""","Participle as agent noun ""potter"" (7.1% of 112 occ); active ""formed"" (13.4%); ISA and 2SA confirm ""potter"" for substantive participle",2026-04-27,AI
H8186b,שַׁעֲרוּרָה,horrible thing,ALL,JER 18:13 virgin of Israel has done a horrible thing,Only 3 occ in index; context is moral outrage at Israel's unfaithfulness,2026-04-27,AI
H8292,שְׁרוּקָה,hissing,ALL,JER 18:16 a hissing of forever,"3 occ total; JDG 5:1 has ""piping""; desolation context = hissing (sound of scorn/horror)",2026-04-27,AI
H0343,אֵיד,calamity,ALL,JER 18:17 day of their calamity,"Dominant rendering 38.9% of 36 occ; ""disaster"" only 5.6%",2026-04-27,AI
H3401,יָרִיב,opponents,ALL,JER 18:19 voice of my opponents,"PSA 35 has ""opponents""; ISA 49:25 has ""contender""; opponents fits legal adversary sense",2026-04-27,AI
H0070,אֹבֶן,wheels,ALL,JER 18:3 potter's wheel (dual form = two-disc wheel),"Only 3 occ total; EXO 1:16 ""birth stool"". In potter context, dual form refers to potter's wheel (two rotating discs).",2026-04-27,AI
H2976,יָאַשׁ,hopeless,ALL,JER 18:12 Niphal participle - despair/hopelessness declaration,"ISA 57 has ""hopeless"" in published ULT. 1SA 27:1 ""despair"". Niphal participle as exclamation = ""hopeless"".",2026-04-27,AI
H6098,עֵצָה,counsel,ALL,"JER 18:18,23 dominant rendering 29.5% of 173 occ","Dominant published rendering. ""advice"" only 1.7%. ""plan"" 3.5% used in specific contexts.",2026-04-27,AI
H2552,חָמַם,inflaming,ALL,"ISA 57:5 - Niphal ptc, reflexive sense of sexual/idolatrous heat","In context of idolatrous worship, ""inflaming yourselves"" captures the Niphal reflexive",2026-04-28,AI
H6899,קִבּוּץ,collection,ALL,ISA 57:13 - refers to collected idols,"Only 2 occurrences in OT, both in ISA 57. Master ULT uses ""collection""",2026-04-28,AI
H5585,סָעִיף,clefts,ALL,ISA 57:5 - clefts of rocks where child sacrifice occurred,"Used as ""clefts"" in JDG 15, ""overhangs"" in master ISA 57, ""branches"" in ISA 17/27. ""Clefts"" fits rocky context",2026-04-28,AI
H7788,שׁוּר,journeyed,ALL,ISA 57:9 - traveling to the king with oil,"Only 3 occurrences total. Master ULT has ""turned"" but primary meaning is ""to journey/travel""",2026-04-28,AI
H6588,פֶּשַׁע,transgression,ALL,"ISA 58:1 - dominant rendering 18.4% of 136 occ, also ""rebellion"" at 4.4%",transgression is dominant in published ULT; rebellion used in some contexts,2026-04-28,AI
H4133,מוֹטָה,yoke,ALL,"ISA 58:6,9 - ""yoke"" 37.5% dominant of 8 occ; also ""bars"" in LEV 26:13",yoke is the standard rendering for the oppression metaphor,2026-04-28,AI
H2784,חַרְצֻבָּה,bonds,ALL,"ISA 58:6 - rare word, 2 occ total; ""bonds"" in ISA 58, ""ropes"" in PSA 73","bonds fits the oppression context; parallel with ""ropes of the yoke""",2026-04-28,AI
H6710,צַחְצָחָה,scorched places,ALL,"ISA 58:11 - only 3 occ, hapax-like; index shows ""desert"" from master ULT",scorched places is more literal than desert; root tsachach means dryness/glare,2026-04-28,AI
H4788,מָרוּד,wanderers,ALL,"ISA 58:7 - 8 occ; ""wanderings"" in LAM 1, ""wandering"" in LAM 3, ""homeless"" in ISA 58 master",wanderers is more literal from root marud; describes displaced/homeless poor,2026-04-28,AI
H7522,רָצוֹן,acceptance,ALL,"ISA 58:5 - ""favor"" 16%, ""acceptance"" 6.4% in published ULT; used with laYahweh",acceptance fits the cultic/fasting context; day of acceptance to Yahweh,2026-04-28,AI
H6329,פּוּק,provide,ALL,"ISA 58:10 - Hiphil ""provide/furnish""; ""obtains"" in PRO, ""provide"" in ISA 58 master",Hiphil causative - provide/bring forth; with nephesh = provide your soul,2026-04-28,AI
H0724,אֲרוּכָה,healing,ALL,"ISA 58:8 - 5 occ total; ""healing"" in ISA 58, ""health"" in NEH 4:7",healing fits the restoration imagery; literally new flesh growing over wound,2026-04-28,AI
H1659,גָּשַׁשׁ,grope,ALL,"ISA 59:10, only 4 occurrences total, all in ISA 59",Consistent with master ULT and published rendering,2026-04-28,AI
H0820,אַשְׁמָן,the strong,ALL,"ISA 59:10, rare word, meaning debated (strong/vigorous or desolate places)",Master ULT uses 'the strong'; meaning is robust/healthy people contrasted with dead,2026-04-28,AI
H5229,נְכֹחָה,uprightness,ALL,"ISA 59:14, 5 occurrences total",Master ULT uses 'straightforwardness'; published has 'uprightness' in ISA 26:1. Chose 'uprightness' for concision.,2026-04-28,AI
H2428,חַיִל,might,ZEC,ZEC 4:6 - Not by might and not by power,Context is contrasting human effort vs divine Spirit; 'might' fits better than 'valor' or 'army' here. Published index shows 'strength' at 7.4% and 'valor' at 17%.,2026-04-28,AI
H7222,רֹאשָׁה,top,ZEC,ZEC 4:7 - the top stone,Hapax legomenon; 'top' as adjective for the capstone/final stone of the temple,2026-04-28,AI
H1214,בָּצַע,complete,ZEC,ZEC 4:9 - his hands will complete it (Piel),Piel in building context = finish/complete; distinct from Qal 'cut off' or 'gain unjustly',2026-04-28,AI
H8229,שִׁפְעָה,multitude,ALL,ISA 60:6 - multitude of camels,"Rare word; published ULT ISA 60 has ""Caravans"" but ""multitude"" or ""abundance"" are more literal based on index data",2026-04-29,AI
H1070,בֶּכֶר,young camels,ALL,ISA 60:6 - young camels of Midian,Only 3 occurrences; consistent with published ULT,2026-04-29,AI
H4039,מְגִלָּה,scroll,ALL,ZEC 5:1-2 flying scroll vision,"50% of 6 occ in published ULT; T4T confirms ""scroll""",2026-04-29,AI
H3603,כִּכָּר,disk,ALL,ZEC 5:7 round lead lid of ephah,Root means round thing; context is flat lead cover. Published ULT uses plain/talent/loaf in other contexts. Disk captures shape for this specific usage.,2026-04-29,AI
H4369,מְכֻנָה,base,ALL,ZEC 5:11 pedestal/base for the ephah,"Only 2 occ, both ZEC 5:11. Published ULT uses base.",2026-04-29,AI
H4726,מָקוֹר,fountain,ALL,ZEC 13:1 metaphorical cleansing fountain,"Dominant rendering 23.3% of 43 occ; consistent with PSA, PRO, HOS published ULT. Published ZEC used 'spring' but fountain is the dominant ULT standard.",2026-04-30,AI
H5997,עָמִית,companion,ALL,"ZEC 13:7 the man, my companion",Revised from 'fellow citizen'. Hebrew amiti (from amat 'to be together with') means associate/companion with no civic or political connotation. 'Fellow citizen' imported a political relationship not in the Hebrew. 'Companion' is more literal.,2026-04-30,AI
H6819,צָעַר,little ones,ALL,ZEC 13:7 the little ones (ha-tso'arim),Qal participle; rare word (6 occ). Published ZEC used 'lowly ones'. JOB 14 used 'insignificant'. 'Little ones' captures the literal sense of the root tsaar = be small/insignificant.,2026-04-30,AI
H1228,בַּקְבֻּק,jar,ALL,"JER 19:1,10 potter's earthenware jar; 1KI 14:3 published as ""jar""","Only 4 occ total; ""jar"" confirmed in 1KI 14:3 published ULT",2026-04-30,AI
H8612,תֹּפֶת,Topheth,ALL,"JER 19:6,11,12,13,14 proper noun; 2KI 23:10 published as ""Topheth""","Proper noun, consistent with 2KI 23:10 published ULT",2026-04-30,AI
H2028,הֲרֵגָה,Slaughter,ALL,"JER 19:6 Valley of Slaughter; ZEC 11:4,7 100% ""slaughter""","Only 2 published occ, both ""slaughter"" in ZEC 11",2026-04-30,AI
H2932,טֻמְאָה,uncleanness,ALL,ZEC 13:2 spirit of uncleanness,"Dominant rendering 32.4% of 68 occ; standard in Leviticus, paired with ruach in ZEC 13:2",2026-04-30,AI
H0155,אַדֶּרֶת,cloak,ALL,ZEC 13:4 cloak of hair,Dominant rendering 22.2% of 27 occ; construct chain adderet se'ar = cloak of hair,2026-04-30,AI
H8267,שֶׁקֶר,falsehood,ALL,ZEC 13:3 spoken falsehood in the name of Yahweh,"Dominant rendering 35.4% of 96 occ; consistent across LEV, 1KI, PSA, PRO published ULT",2026-04-30,AI
H6495,פְּקַח־קוֹחַ,liberation,ALL,ISA 61:1 - opening of eyes/prison; hapax,100% in published ISA 61; follows published ULT,2026-05-04,AI
H1865,דְּרוֹר,freedom,ALL,ISA 61:1 - liberty/release; LEV 25:10 liberty,Published ISA 61 uses freedom; LEV 25:10 uses liberty,2026-05-04,AI
H4594,מַעֲטֶה,mantle,ALL,ISA 61:3 - only 1 occ; covering/mantle,Published ISA 61 uses mantle,2026-05-04,AI
H5344a,נָקַב,designate,ALL,ISA 62:2 - mouth of Yahweh will designate it,Qal imperfect - to designate/specify a name. Master ULT uses 'choose' but designate is more precise for naqab.,2026-05-04,AI
H1824,דְּמִי,rest,ALL,"ISA 62:6-7 - no rest for watchmen, no rest for Yahweh",Noun meaning silence/rest/cessation. 'Rest' fits the watchmen context; parallels the verb חשׁה (be silent) in v6.,2026-05-04,AI
H4885,מָשׂוֹשׂ,joy,ALL,ISA 62:5 - the joy of a bridegroom over a bride,Dominant rendering 24% of 38 occ in published ULT,2026-05-04,AI
H5332,נֵצַח,blood,ALL,"ISA 63:3,6 - lifeblood/juice of grapes metaphor",Master ULT and index both use 'blood' for this rare word in ISA 63. Not 'victory' (different sense).,2026-05-04,AI
H2551,חֶמְלָה,mercy,ALL,ISA 63:9 - in his love and in his mercy,Index shows 'mercy' as dominant (33% of 6 occ). Also GEN 19:16.,2026-05-04,AI
H8280,שָׂרָה,struggled,ALL,HOS 12:3 struggled with God; matches GEN 32:28 published,40% dominant in published (2 of 5 occ),2026-05-04,AI
H7786,שׂוּר,struggled,ALL,HOS 12:4 struggled with an angel,Rare word (3 occ); published HOS 12 has 'struggled'; contextual parallel with H8280,2026-05-04,AI
H0202,אוֹן,manhood (v3) / wealth (v8),ALL,HOS 12:3 in his manhood; HOS 12:8 found wealth,Context-dependent: strength/manhood in Gen parallel; wealth in commercial context. Published HOS 12 uses both.,2026-05-04,AI
H4115,מַהְפֶּכֶת,stocks,ALL,JER 20:2-3 physical restraint/torture device,"Rare word, traditional rendering; a device that twisted/contorted the body",2026-05-04,AI
H4036,מָגוֹר מִסָּבִיב,Magor-Missabib,ALL,JER 20:3 symbolic name meaning terror on every side,Transliterated as compound proper name with hyphen; meaning explained in translation notes,2026-05-04,AI
H6496,פָּקִיד,overseer,ALL,JER 20:1 temple official title,Dominant published rendering at 25%,2026-05-04,AI
H2633,חֹסֶן,wealth,ALL,JER 20:5 city's possessions/riches,treasure 33% in published but wealth fits material possession context better,2026-05-04,AI
H2151a,זָלַל,quaked,ALL,"ISA 64:1,3 - Niphal 'mountains quaked'; master ULT uses 'shaken/trembled'",Niphal of zalal = quake/shake; 'quaked' for mountains in theophany context,2026-05-05,AI
H2003,הָמָס,brushwood,ALL,ISA 64:2 - fire kindles brushwood,Only 2 occurrences; published ISA ULT uses 'brushwood',2026-05-05,AI
H4127,מוּג,melted,ALL,ISA 64:7 - melted us in the hand of our iniquities,Dominant rendering 'melted' (15.6%); 'melt away' also common,2026-05-05,AI
H1408,גַּד,Fortune,ALL,ISA 65:11 - proper name of pagan deity,Matches master ULT and Strong's index rendering,2026-05-05,AI
H4507,מְנִי,Destiny,ALL,ISA 65:11 - proper name of pagan deity,Matches master ULT and Strong's index rendering,2026-05-05,AI
H6292,פִּגּוּל,unclean things,ALL,ISA 65:4 - defiled/unclean meat in vessels,Published ULT uses both defiled and unclean; unclean things captures the plural,2026-05-05,AI
H0543,אָמֵן,truth,ALL,ISA 65:16 - God of Amen/truth; divine title,Matches ISA 65 master ULT rendering; when used as divine attribute rather than liturgical response,2026-05-05,AI
H1860,דְּרָאוֹן,abhorrence,ALL,"ISA 66:24 - rare word (only 2 OT occurrences: ISA 66:24, DAN 12:2)",Strong's index shows 'abhorrence' as attested rendering; matches master ULT,2026-05-05,AI
H8586,תַּעֲלוּל,punishments,ALL,ISA 66:4 - their punishments/caprice,Strong's index shows 'punishment' from ISA 66; also means 'wanton acts/dealings',2026-05-05,AI
H4035,מְגוּרָה,fears,ALL,ISA 66:4 - their fears/dreads,Strong's index shows 'fears' from ISA 66; HAG 2:19 has 'storehouse' (different sense),2026-05-05,AI
H7578,רְתֵת,trembling,ALL,HOS 13:1 When Ephraim spoke there was trembling,Hapax-like (only in HOS 13:1); published master ULT uses trembling,2026-05-05,AI
H5458,סְגוֹר,enclosure,ALL,HOS 13:8 tear open the enclosure of their heart,Only other occurrence in JOB 28 rendered 'Gold' (different sense). Here means enclosure/covering of the chest/heart.,2026-05-05,AI
H8514,תַּלְאוּבָה,drought,ALL,HOS 13:5 in the land of drought,Hapax legomenon; only in HOS 13:5; 100% drought in published index,2026-05-05,AI
H0165,אֱהִי,Where,ALL,HOS 13:10 Where is your king; HOS 13:14 Where are your plagues,Interrogative particle; 100% Where in published (3 occ all in HOS 13),2026-05-05,AI
H6987,קֹטֶב,destruction,ALL,HOS 13:14 Where is your destruction O Sheol,Rare word (3 occ); published uses destruction; can also mean sting/plague,2026-05-05,AI
H6500,פָּרָא,bears fruit,ALL,HOS 13:15 he among brothers bears fruit,Hapax; only in HOS 13:15; published master uses 'flourishes' but Hiphil of para = make fruitful; etymological wordplay on Ephraim,2026-05-05,AI
H4878,מְשׁוּבָה,apostasy,ALL,HOS 14:4 I will heal their apostasy,Master ULT uses apostasy; also occurs in HOS 11:7; turning away is more literal but apostasy is established,2026-05-06,AI
H1935,הוֹד,splendor,ALL,HOS 14:6 his splendor will be like the olive tree,Dominant published rendering 26.7% (8 of 30 occ); master HOS 14 has beauty but splendor is dominant,2026-05-06,AI
H2143,זֵכֶר,remembrance,ALL,HOS 14:7 His remembrance like the wine of Lebanon,Dominant published rendering 19.4% (12 of 62 occ); also memorial 3.2%; master HOS 14 has fame but remembrance is dominant,2026-05-06,AI
H7110a,קֶצֶף,fury,ALL,JER 21:5 anger triad with nose + wrath,Follows DEU 29:28 published pattern: in nose and in wrath and in great fury. Also ISA uses fury.,2026-05-06,AI
H4585,מְעוֹנָה,dwellings,ALL,JER 21:13 city context,"Published: dens (animal), dwelling (PSA 76, ZEP 3). City context = dwellings.",2026-05-06,AI
H6696a,צוּר,besieging,ALL,"JER 21:4,9 participle describing Chaldeans","Published pattern: besieging against (1KI 15:27, 2KI 6:24-25). Participle = besieging.",2026-05-06,AI
H7998,שָׁלָל,spoil,ALL,JER 21:9 life as spoil idiom,"Published: spoil (19.7%), plunder (18.9%). Both well-attested; spoil slightly more frequent.",2026-05-06,AI
H6953,קֹהֶלֶת,the Teacher,ALL,ECC 1:1 - standard rendering per task vocabulary notes,"Not in published ULT index (ECC unpublished). Task specifies ""the Teacher"" for Qoheleth.",2026-05-08,AI
H1892,הֶבֶל,futility,ALL,ECC 1:2 - key thematic term in Ecclesiastes,"Published ULT uses ""vapor"" (21.3% of 61 occ) but task specifies ""futility"" for Ecclesiastes context. Published precedent is from non-ECC books.",2026-05-08,AI
H3504,יִתְרוֹן,profit,ALL,ECC 1:3 - Ecclesiastes-unique term (not in published index),"Task specifies ""profit"" or ""advantage"". Used ""profit"" as more literal.",2026-05-08,AI
H7469,רְעוּת,pursuit of,ALL,ECC 1:14 - in construct with wind,"Task specifies ""pursuit of"" (in construct with wind). Not in published index.",2026-05-08,AI
H7475,רַעְיוֹן,pursuit of,ALL,"ECC 1:17 - variant of H7469, in construct with wind","Task specifies ""pursuit of"" (variant of H7469). Not in published index.",2026-05-08,AI
H6045,עִנְיָן,task,ALL,ECC 1:13 - evil task given by God,"Not in published index. Master ULT uses ""business"". Chose ""task"" as more literal for the concept of occupation/business.",2026-05-08,AI
H8350,שָׁשַׁר,vermilion,ALL,JER 22:14 paint color for paneled house,"Only 2 occ (JER 22:14, EZK 23:14); traditional rendering is vermilion (red pigment)",2026-05-11,AI
H8474,תַּחָרָה,competing,ALL,JER 22:15 competing in cedar (Hitpael participle),Hapax legomenon; root related to rivalry/competition; context is striving to outdo in cedar construction,2026-05-11,AI
H4835,מְרֻצָה,extortion,ALL,JER 22:17 paired with oppression,Rare word (only 3 occ); from root meaning to crush/oppress; rendered extortion in context of unjust gain,2026-05-11,AI
H3016,יָגוֹר,fear,ALL,JER 22:25 those whom you fear,Adj from root meaning to dread/be afraid; used as attributive describing those before whom one is afraid,2026-05-11,AI
H5079,נִדָּה,impurity,ALL,NUM 19 - water of impurity (corpse contamination context),menstruation in LEV bodily-context; impurity in EZR 9:11 and non-menstrual contexts. NUM 19 is ritual corpse defilement.,2026-05-13,AI
H6781b,צָמִיד,fastening,ALL,NUM 19:15 - fastening of cord (vessel lid),Different from H6781a bracelets. This sense is a lid/covering tied with cord. Only occurs in NUM 19:15.,2026-05-13,AI
H4931,מִשְׁמֶרֶת,preservation,ALL,NUM 19:9 - for preservation (keeping ashes),"Published EXO 16:23,32,33,34 consistently uses preservation for this sense of safekeeping.",2026-05-13,AI
H4809,מְרִיבָה,Meribah,ALL,"NUM 20:13,24; proper noun transliteration, 75% in published ULT",,2026-05-18,AI
H8513,תְּלָאָה,hardship,ALL,NUM 20:14; dominant rendering 50% of 6 occurrences,,2026-05-18,AI
H4377,מֶכֶר,price,ALL,"NUM 20:19; rare word (3 occ), commercial context of paying for water",,2026-05-18,AI
H4546,מְסִלָּה,highway,ALL,NUM 20:19; dominant rendering 12.3% in published ULT,,2026-05-18,AI
H1731,דּוּד,basket,ALL,JER 24:1-3 baskets of figs; matches 2KI 10:7 and PSA 81:6 published ULT,Context-dependent: basket (container) vs kettle (1SA 2:14),2026-05-20,AI
H3204,יְכׇנְיָה,Jeconiah,ALL,JER 24:1; published ULT EST 2:6 has Jeconiah for H3204,"Different from H3078 (Jehoiachin) used in 2KI; same person, different Hebrew spelling",2026-05-20,AI
H2113,זְוָעָה,horror,ALL,JER 24:9; ISA 28:19 published ULT has terror; horror fits Jeremiah context,Rare word (only 2 occ); terror also acceptable,2026-05-20,AI
H5197,נָטַף,drip (Hiphil: prophesy metaphor kept literal),ALL,"MIC 2:6,11 Hiphil stem used for prophesying; Qal = drip in published ULT",ULT keeps literal 'drip' for Hiphil prophetic speech metaphor. Published Qal = drip (100%). No published Hiphil examples found.,2026-05-21,AI
H1223,בׇּצְרָה,Bozrah,ALL,MIC 2:12 like sheep of Bozrah,"UHB Strong H1223 = proper noun Bozrah. Published GEN 36:33, ISA 34:6, ISA 63:1 all use Bozrah. Kept as place name per literal mandate.",2026-05-21,AI
H8322,שְׁרֵקָה,hissing,ALL,"JER 25:9,18 desolation context",Already recorded for JER 18:16 (H8292 variant). Consistent rendering for scorn/horror sound.,2026-05-21,AI
H8347,שֵׁשַׁךְ,Sheshach,ALL,JER 25:26 cryptogram for Babylon,Proper noun; atbash cipher for Babylon. Transliterated as-is per ULT literal policy.,2026-05-21,AI
H7006,קָיָה,vomit,ALL,JER 25:27 cup of wrath passage,Rare verb (only here and ISA 19:14). Imperative = vomit.,2026-05-21,AI
H8600,תְּפוֹצָה,scatterings,ALL,JER 25:34 your scatterings (hapax legomenon),Hapax; from root פוץ (scatter/disperse). Noun form = scatterings/dispersions.,2026-05-21,AI
H6476,פָּצַח,broken (Piel: break bones); break out (Qal: in song),ALL,MIC 3:3 Piel = break bones; ISA contexts = break out in song,Context-dependent: Piel with bones = break apart; Qal in Isaiah = break out (in song/singing),2026-05-26,AI
H7037,קַלַּחַת,cauldron,ALL,MIC 3:3 cauldron; 1SA 2:14 also cauldron,Published 1SA 2:14 uses cauldron. Distinct from H5518a (pot/cooking pot).,2026-05-26,AI
H8222,שָׂפָם,mustache,ALL,"MIC 3:7 cover over mustache (sign of mourning); LEV 13:45, 2SA 19:24 same",Published LEV 13:45 and 2SA 19:24 both use mustache. 50% dominant rendering.,2026-05-26,AI
H5856,עִי,heaps,ALL,"MIC 3:12, PSA 79:1 - ruins/rubble heaps",Published PSA 79:1 uses heaps. Only 2 occurrences total.,2026-05-26,AI
H1413,גָּדַד,gather yourselves in troops,ALL,MIC 5:1 Hithpolel 2fs - wordplay with בַת גְּדוּד,Hithpolel can mean cut or gather in troops. Military context with daughter-of-troop wordplay favors gather in troops.,2026-05-29,AI
H4163,מוֹצָאָה,goings out,ALL,MIC 5:2 his goings out are from of old,Plural noun from יצא. Literal rendering preserves origin/emergence sense.,2026-05-29,AI
H5257b,נְסִיךְ,princes,ALL,MIC 5:5 eight princes of man; PSA 83:11 matches,Published ULT PSA 83:11 and JOS 13:21 use princes for H5257b.,2026-05-29,AI
H2617a,חֶסֶד,covenant faithfulness,MIC,MIC 6:8 love covenant faithfulness,Per hebrew_ot_glossary.csv: ULT translates as covenant faithfulness. Glossary entry row 45-46.,2026-06-01,AI
H8454,תּוּשִׁיָּה,sound wisdom,MIC,MIC 6:9 sound wisdom fears your name,"Published pattern: ""sound wisdom"" at 13% (PRO 2, 8, 18). Combined with ""wisdom"" at 17.4%. ""sound wisdom"" is more distinctive and literal.",2026-06-01,AI
H6666,צְדָקָה,righteous acts,MIC,MIC 6:5 plural tsidqot = righteous acts of Yahweh,"Plural form. Published dominant is ""righteousness"" (41.5%) but plural form warrants ""righteous acts."" JDG 5 uses ""righteous"" for plural form too.",2026-06-01,AI
H8047,שַׁמָּה,desolation,MIC,MIC 6:16 make you a desolation,"Published dominant is ""desolation"" at 15.4%. ""horror"" at 7.7%, ""ruin"" at 3.8%. Desolation is the standard rendering.",2026-06-01,AI
H3445,יֶשַׁח,emptiness,MIC,MIC 6:14 your emptiness in your midst,Hapax legomenon. Meaning uncertain - likely hunger/emptiness. No published ULT data. Context of eating but not being satisfied supports emptiness.,2026-06-01,AI
H6293,פָּגַע,intercede,ALL,"JER 27:18 - plea context with Yahweh; published ULT uses ""met"" for physical encounters, ""attack"" for violent ones","In prayer/petition context (Jussive + nah particle + b- prefix on divine name), ""intercede"" fits the supplication sense. ISA 53:12 uses similar paga + prayer context.",2026-06-02,AI
H2715,חֹר,nobles,ALL,JER 27:20 - nobles of Judah and Jerusalem exiled with Jeconiah,"Dominant rendering 40% of 25 occ in published ULT (1KI 21, NEH 2, 6, 13)",2026-06-02,AI
H4912,מָשָׁל,discourse,ALL,"NUM 23:7,18 - ""lifted up his discourse"" matching JOB 27:1, 29:1 published ULT","In the construction nasa mashal (lift up discourse/oracle), published ULT uses ""discourse"" in JOB",2026-06-05,AI
H2194,זָעַם,denounce,ALL,"NUM 23:7,8 - parallel with curse (H0779/H6895)","Distinguishes from the two curse verbs (H0779 arar, H6895 qabab) used in same passage",2026-06-05,AI
H8443,תּוֹעָפָה,horns,ALL,NUM 23:22 - like the horns of a wild ox,In wild ox metaphor context; published ULT uses heights in PSA/JOB landscape contexts,2026-06-05,AI
H5173,נַחַשׁ,omen,ALL,NUM 23:23 - no omen against Jacob,Noun form meaning divination/omen; paired with qesem (divination),2026-06-05,AI
H0554,אָמֹץ,strong,ALL,"ZEC 6:3,7 - spotted strong horses",Only 2 occ both in ZEC 6; root means to be strong/mighty; not a color term despite some traditional renderings as gray,2026-06-06,AI
H4818,מֶרְכָּבָה,chariot/chariots,ALL,ZEC 6:1-3 four chariots vision,Dominant rendering 29.6% of 71 occ; standard in narrative contexts,2026-06-06,AI
H2470b,חָלָה,entreat the face of,ALL,ZEC 7:2 to entreat the face of Yahweh,"Piel of chalah + panim = ""entreat the face of."" Confirmed by PRO 19:6 and MAL 1:9 published patterns ""entreat the face of.""",2026-06-09,AI
H8219,שְׁפֵלָה,Shephelah,ALL,ZEC 7:7 the Negev and the Shephelah,"Proper geographic name; Shephelah used in JDG 1:9, OBA 1:19, 1KI 10:27. ZEC master uses foothills but JDG and OBA published precedent prefer proper name Shephelah.",2026-06-09,AI
H0480,אַלְלַי,Woe,ALL,MIC 7:1 only occurrence in published = JOB 10:15,100% in Strong's index (1 occ),2026-06-17,AI
H1942,הַוָּה,desire (in MIC 7:3 context of what powerful want),ALL,MIC 7:3 desire of his soul; can also mean destruction/calamity,"Context-dependent: desire in MIC 7:3 (what the great one speaks), calamity/destruction elsewhere",2026-06-17,AI
H2312,חֵדֶק,brier,ALL,MIC 7:4 the best of them is like a brier,100% in Strong's index (1 occ: PRO 15),2026-06-17,AI
H3998,מְבוּכָה,confusion,ALL,MIC 7:4 now their confusion will be,50% in Strong's index (2 occ: ISA 22). Only other option is unattested.,2026-06-17,AI
H2197,זַעַף,rage,ALL,MIC 7:9 rage of Yahweh I will bear,"Published: raging (25%, ISA 30/JON 1), rage (12.5%, PRO 19). Noun form = rage.",2026-06-17,AI
H2731,חֲרָדָה,trembling,ALL,JER 30:5 - voice of trembling,trembling is the dominant published rendering (1SA 14:15); also in ISA 21:1 as terror,2026-06-17,AI
H0605,אָנַשׁ,incurable,ALL,"JER 30:12,15 - incurable wound/pain",JOB 34:6 uses incurable; ISA 17:9 uses grievous; incurable fits wound/breaking context,2026-06-17,AI
H4205,מָזוֹר,wound,ALL,JER 30:13 - for a wound,HOS 5:13 uses wound in published ULT; 4 occ total,2026-06-17,AI
H1100,בְּלִיַּעַל,worthlessness / the worthless one,ALL,NAM 1:11 counselor of worthlessness; 1:15 the worthless one,"Beliyyaal: noun rendered abstractly 'worthlessness' in construct (1:11), and as substantive 'the worthless one' for the personified subject (1:15).",2026-06-20,AI
H5349,נֹקֵד,sheepbreeders,ALL,AMO 1:1 plural noqedim,"Same term as Mesha in 2KI 3:4 (""sheep breeder""); kept literal rather than generic ""shepherds""",2026-06-25,AI
H7725,אֲשִׁיבֶנּוּ,I will not turn it back,ALL,"AMO 1 refrain, Hiphil yiqtol + 3ms suffix","Literal Hiphil causative with masc suffix; avoid interpretive ""turn away punishment""",2026-06-25,AI
H7875,שִׂיד,lime,ALL,AMO 2:1 burning bones to lime,"calcining bones; ISA 33 attestation also ""lime""",2026-06-25,AI
H5781,עוּק,press down,ALL,"AMO 2:13 Hiphil ptcp + Hiphil yiqtol, cart imagery",means press/weigh down; kept same verb in both parallel clauses,2026-06-25,AI
H5414,נָתֹן תִּתֵּן,Giving you shall give,ALL,NUM 27:7 infinitive absolute + imperfect (Vqa + Vqi2ms),"Inf abs preserved as reduplication per ULT rule E; master ULT had ""certainly give"" which obscures the form",2026-06-26,AI
H3045,יָדַעְתִּי,have known,ALL,"AMO 3:2 - ""Only you have I known""","Literal ""know""; do not interpret as ""chosen"" (master ULT gloss). Dominant rendering of H3045 is know/known.",2026-06-29,AI
H4464,מַמְזֵר,a mixed people,ALL,"ZEC 9:6; collective sense ""mongrel/people of mixed descent""",,2026-06-29,AI
H0120,אָדָם,mankind,ALL,ZEC 9:1 עֵין אָדָם — generic collective humanity,"Generic adam rendered ""mankind""; master ULT had ""humanity""",2026-06-29,AI
H2038,הַרְמוֹן,Harmon,ALL,AMO 4:3 proper noun + directional he,Transliterate as place name; not in published index,2026-06-30,AI
H1729,דּוּגָה,fishhooks,ALL,AMO 4:2 parallel with H6793 hooks (sirot dugah),,2026-06-30,AI
H7993,וְהִשְׁלַכְתֶּנָה,you will throw yourselves out,AMO,Amos 4:3,"Form is Hiphil 2fp (He,C:Vhq2fp), active/causative — NOT Hophal passive. Per ULT-gen voice policy, render active. Master ULT's passive ""you will be thrown out"" is the error the skill corrects. Reflexive sense (""throw yourselves out"") supplies implied object while preserving Hiphil active voice.",2026-06-30,AI
H5550,סֹלְלָה,siege mounds,JER,JER 32:24 — siege mounds have come to the city,"Plural feminine; ""mound"" dominant in index, plural here",2026-06-30,AI
H5201,נָטַר,maintain,ALL,NAM 1:2 he maintains {wrath} against his enemies,natar of God keeping anger; object {wrath} supplied in brackets (parallel to master of wrath). Matches PSA 103 'maintain'.,2026-07-01,AI
