Strong,Hebrew,Rendering,Book,Context,Notes,Date,Source
H727,אֲרוֹן,sacred chest,ALL,Ark of the Covenant context,Lowercase 'sacred chest'. Never 'ark'. See hebrew_ot_glossary.,2025-02-09,AI
H7294,rahab,Egypt,ALL,poetic name for Egypt - not Rahab H7343,,2026-02-12,AI
H4599,mayan,blessings (metaphorical),ALL,springs metaphor = source of blessings/life,,2026-02-12,AI
H2617a,חֶסֶד,faithful and kind,ALL,adj. phrase per glossary: UST uses adjective like 'faithful' or 'kind',Per hebrew_ot_glossary.csv UST_GLOSS guidance,2026-02-12,AI
H6304,פְּדוּת,rescue,ALL,verbal form of abstract noun 'redemption',Abstract noun -> verb per UST pattern,2026-02-12,AI
H5547,סְלִיחָה,forgive,ALL,verbal form of abstract noun 'forgiveness',Abstract noun -> verb per UST pattern,2026-02-12,AI
H3374a,יִרְאָה,revere,ALL,"128:1,4 130:4 fear-of-God concept",Editor: 'revere' not 'respect' or 'honor'. 3 chapters confirmed.,2026-02-17,human
H5337,נָצַל,save,ALL,130:7-8 save us / will save,Editor: 'save' not 'rescue'. 2 chapters confirmed.,2026-02-17,human
H2617a,חֶסֶד,faithfully loves,ALL,editor correction,UPDATED: editor changed 'faithful and kind' to 'faithfully loves us'. Adverb+verb form.,2026-02-17,human
H6304,פְּדוּת,save from punishment,ALL,editor correction,UPDATED: editor added 'from being punished for' -- salvation is from punishment not sins themselves.,2026-02-17,human
,,as if framing,ALL,"88:7,8,17,18 figurative language",UST should frame metaphors/similes with 'as if' rather than stating as direct fact. Prefer 'as if' over 'as though'. Editor PSA 88.,2026-02-17,human
,,perform miracles,ALL,"88:10,12 wonder/pele concepts",UST: 'perform miracles' not 'do amazing things' for פֶּלֶא contexts. Editor PSA 88.,2026-02-17,human
,,avoid,ALL,"88:8,18 friends distancing",UST: 'avoid' not 'stay away from'. More concise. Editor PSA 88.,2026-02-17,human
,,us in prayer,ALL,88:11 covenant faithfulness,UST: use 'us' not 'your people' in prayer context where psalmist includes self. Editor PSA 88.,2026-02-17,human
,,turn away from,ALL,88:14 hide face idiom,UST: 'turn away from' not 'refuse to pay attention to' for hiding face. Editor PSA 88.,2026-02-17,human
H5459,סְגֻלָּה,his own special people,ALL,treasured possession - varied UST precedent; 'special people' fits Psalms context,,2026-02-17,AI
H1777,דִּין,defends,ALL,vindicate/judge context - 'defends' for positive sense toward his people,,2026-02-17,AI
H5162,נָחַם,shows mercy,ALL,hitpael: have compassion/relent - 'shows mercy' for divine compassion on servants,,2026-02-17,AI
H2617a,chesed,faithfully loves us forever,ALL,refrain x26; verbal per editor + PSA 118 precedent,,2026-02-17,AI
H7782,שׁוֹפָר,horn,ALL,issues_resolved: shofar=horn in UST; reserve 'trumpet' for metal instrument,per issues_resolved,2026-02-18,human
H8643,תְּרוּעָה,loud (adj. for cymbals),ALL,abstract noun 'shouting' rendered as adj. 'loud',construct chain: cymbals of shouting,2026-02-18,AI
H8451,תּוֹרָה,instruction,ALL,law/torah - issues_resolved: UST uses 'instruction' not 'law',,2026-02-19,AI
H3374,yir'ah,revere/revering,ALL,11:2-3 fear of Yahweh = deeply revere / revering Yahweh,,2026-03-06,AI
H3519,kavod,glorious,ALL,11:10 his resting place will be glory = the place where he lives will be glorious,,2026-03-06,AI
H2763,charam,destroy completely,ALL,11:15 devote to destruction = destroy completely (per special terms),,2026-03-06,AI
H7585,sheol,the place where dead people go,ALL,dominant UST rendering ~12%,,2026-03-09,AI
H7496,rephaim,spirits of dead leaders,ALL,matches published UST pattern,,2026-03-09,AI
H1966,helel,shining morning star,ALL,no published UST precedent; morning star widely understood,,2026-03-09,AI
H7090,qippod,hedgehogs,ALL,ZEP 2:14 uses 'owls' but hedgehog matches ULT,,2026-03-09,AI
H4062,madhebah,raging fury,ALL,hapax legomenon; meaning debated,,2026-03-09,AI
H3738b,כָּרָה,gave me the ability to hear and obey,PSA,"PSA 40:6 ""ears you have dug for me"" idiom",Hebrew idiom oznayim karita li - UST unpacks as giving ability to hear/obey rather than preserving literal image,2026-04-13,AI
H0953a,בּוֹר,desperate situation,PSA,PSA 40:2 pit of roaring metaphor,Metaphor for distress/danger - UST expresses meaning not image,2026-04-13,AI
H2063,זֹאת,this,ALL,JER and all books — feminine demonstrative הַזֹּאת / זֹאת,"Align זֹאת (including prefixed-article form הַזֹּאת) to 'this'. Standard demonstrative pronoun; render as 'this' in UST. Reported: Jeremiah BP — Grant Ailie (closes #63).",2026-05-04,human
H1892,הֶבֶל,pointless,ECC,"ECC 1:2,14 hevel hevelim superlative - everything is completely pointless","UST meaning-based rendering. ULT uses 'futility'. UST unpacks as 'pointless' for clarity. Published UST has varied renderings (worthless, short, etc).",2026-05-08,AI
H7469,רְעוּת,trying to control the wind,ECC,"ECC 1:14,17 re'ut ruach - pursuit/striving of wind metaphor",UST unpacks metaphor. ULT 'pursuit of wind'. UST explains the futility image as trying to control what cannot be controlled.,2026-05-08,AI
H6953,קֹהֶלֶת,the Teacher,ECC,"ECC 1:1,2,12 - same as ULT rendering",Matches ULT. No published UST precedent. T4T uses 'Religious Teacher' and 'Preacher'.,2026-05-08,AI
H5159,נַחֲלָה,land,NUM,NUM 27:7-11 inheritance laws,"UST index: ""land"" is dominant concrete UST rendering (5.9%); abstract ""inheritance"" unpacked to concrete ""land he owned/would have received""",2026-06-26,AI
H6635a,צְבָאוֹת,the commander of the heavenly armies,JER,"JER 32:14,15,18 Yahweh tsvaot",UST rendering of Yahweh of Armies per UST-gen skill (vs ULT 'Yahweh of Armies'),2026-06-30,AI
H1100,בְּלִיַּעַל,wicked,NAM,"NAM 1:11,15 counselor of worthlessness / the worthless one","UST precedent renders belial as wicked/worthless; used ""wicked"" for plain meaning",2026-07-01,AI
H4581,מָעוֹז,protects them,NAM,NAM 1:7 for a stronghold in a day of trouble,"UST precedent renders maoz verbally as ""protects""; unpacked stronghold metaphor",2026-07-01,AI
